页面ID,页面,模块,路由,模板ID,筛选项,默认排序,表格列,冻结列,可排序字段,批量操作,行操作,详情Tab,导出字段,导出策略,脱敏规则,审批规则,确认规则,成功反馈,失败恢复,空状态,权限,数据分级,审计事件,计划版本,成熟度
ADM-DASH-001,数据驾驶舱,总览,/dashboard,ADM-DASHBOARD,页码;每页数量;游标;状态;关键词;排序,不适用；按模块固定顺序,指标;待办;趋势;generated At,ID/名称;状态;主金额（财务页）;操作,createdAt;updatedAt;status;amountCent（存在时）；仅允许后端白名单,无批量写操作,查看详情,概览;业务数据;状态历史;关联对象;操作审计,指标;待办;趋势;generated At,具备页面读取和 export.create 权限可异步导出当前筛选；禁止导出未展示或无权限字段,手机号/身份证/支付账号/IP/设备指纹/SecretRef默认脱敏；查看原文需字段权限、会话升级、目的说明和访问审计,普通保存按页面权限；涉及资金、秘密、生产发布、永久处罚或高风险导出时自动升级为双人审批,不可逆或高影响操作展示目标、影响范围、原因、审批单、服务端version；确认文案不得使用含糊的“确定”,更新当前行/详情、状态计数和待办；显示操作结果、requestId和审计入口；禁止仅Toast不更新数据,字段错误就地提示；409重新加载差异；422保留输入；权限变化立即收回入口；首屏/翻页采用不同错误态,展示当前筛选、无数据原因和可执行下一步；不得使用无上下文的空白表格,读：dashboard.read；写：dashboard.manage,NORMAL,admin_page_adm_dash_001_operation,R30,FROZEN_OPERATIONAL_V1.2.2
ADM-USER-001,用户列表,用户,/users,ADM-LIST,页码;每页数量;游标;状态;关键词;排序,createdAt:desc,ID;phone Masked;昵称;头像;个人简介;状态;identity Status;membership Status;创建时间;版本,ID/名称;状态;主金额（财务页）;操作,createdAt;updatedAt;status;amountCent（存在时）；仅允许后端白名单,批量导出脱敏结果（异步）;批量添加标签；冻结必须逐用户确认,查看详情,概览;业务数据;状态历史;关联对象;操作审计,ID;phone Masked;昵称;头像;个人简介;状态;identity Status;membership Status;创建时间;版本,具备页面读取和 export.create 权限可异步导出当前筛选；禁止导出未展示或无权限字段,手机号/身份证/支付账号/IP/设备指纹/SecretRef默认脱敏；查看原文需字段权限、会话升级、目的说明和访问审计,普通保存按页面权限；涉及资金、秘密、生产发布、永久处罚或高风险导出时自动升级为双人审批,不可逆或高影响操作展示目标、影响范围、原因、审批单、服务端version；确认文案不得使用含糊的“确定”,更新当前行/详情、状态计数和待办；显示操作结果、requestId和审计入口；禁止仅Toast不更新数据,字段错误就地提示；409重新加载差异；422保留输入；权限变化立即收回入口；首屏/翻页采用不同错误态,展示当前筛选、无数据原因和可执行下一步；不得使用无上下文的空白表格,读：user.read；写：user.manage,NORMAL,admin_page_adm_user_001_operation,R02,FROZEN_OPERATIONAL_V1.2.2
ADM-USER-002,用户详情,用户,/users/:id,ADM-DETAIL,页码;每页数量;游标;状态;关键词;排序,createdAt:desc,ID;phone Masked;昵称;头像;个人简介;状态;identity Status;membership Status;创建时间;版本,ID/名称;状态;主金额（财务页）;操作,createdAt;updatedAt;status;amountCent（存在时）；仅允许后端白名单,无默认批量业务写操作；除非页面规格明确，不得因表格组件能力自行增加,新增/修改限制;解除限制;冻结账号;解冻账号;强制下线,概览;资料;实名;内容;订单;奖励;邀请关系;设备会话;风险;操作日志,ID;phone Masked;昵称;头像;个人简介;状态;identity Status;membership Status;创建时间;版本,具备页面读取和 export.create 权限可异步导出当前筛选；禁止导出未展示或无权限字段,手机号/身份证/支付账号/IP/设备指纹/SecretRef默认脱敏；查看原文需字段权限、会话升级、目的说明和访问审计,以下操作必须绑定双人审批：冻结账号,不可逆或高影响操作展示目标、影响范围、原因、审批单、服务端version；确认文案不得使用含糊的“确定”,更新当前行/详情、状态计数和待办；显示操作结果、requestId和审计入口；禁止仅Toast不更新数据,字段错误就地提示；409重新加载差异；422保留输入；权限变化立即收回入口；首屏/翻页采用不同错误态,展示当前筛选、无数据原因和可执行下一步；不得使用无上下文的空白表格,读：user.read；写：user.manage,NORMAL,admin_page_adm_user_002_operation,R02,FROZEN_OPERATIONAL_V1.2.2
ADM-ID-001,实名列表,实名,/identity,ADM-LIST,页码;每页数量;游标;状态;关键词;排序,createdAt:desc,ID;用户ID;状态;供应商;liveness Url;失败代码;过期时间;版本,ID/名称;状态;主金额（财务页）;操作,createdAt;updatedAt;status;amountCent（存在时）；仅允许后端白名单,无批量写操作,查看详情,基本信息;活体/人证结果;敏感媒体;风险;复核记录;访问审计,ID;用户ID;状态;供应商;liveness Url;失败代码;过期时间;版本,仅具备 export.create 权限可导出；异步任务、字段白名单、默认脱敏、用途必填、下载审计,手机号/身份证/支付账号/IP/设备指纹/SecretRef默认脱敏；查看原文需字段权限、会话升级、目的说明和访问审计,普通保存按页面权限；涉及资金、秘密、生产发布、永久处罚或高风险导出时自动升级为双人审批,不可逆或高影响操作展示目标、影响范围、原因、审批单、服务端version；确认文案不得使用含糊的“确定”,更新当前行/详情、状态计数和待办；显示操作结果、requestId和审计入口；禁止仅Toast不更新数据,字段错误就地提示；409重新加载差异；422保留输入；权限变化立即收回入口；首屏/翻页采用不同错误态,展示当前筛选、无数据原因和可执行下一步；不得使用无上下文的空白表格,读：identity.read；写：identity.manage,HIGH,admin_page_adm_id_001_operation,R05,FROZEN_OPERATIONAL_V1.2.2
ADM-ID-002,实名详情与复核,实名,/identity/:id,ADM-REVIEW,页码;每页数量;游标;状态;关键词;排序,"priority:desc,createdAt:asc",ID;用户ID;状态;供应商;liveness Url;失败代码;过期时间;版本,ID/名称;状态;主金额（财务页）;操作,createdAt;updatedAt;status;amountCent（存在时）；仅允许后端白名单,无默认批量业务写操作；除非页面规格明确，不得因表格组件能力自行增加,人工复核;获取短时原图预览;冻结实名,基本信息;活体/人证结果;敏感媒体;风险;复核记录;访问审计,ID;用户ID;状态;供应商;liveness Url;失败代码;过期时间;版本,仅具备 export.create 权限可导出；异步任务、字段白名单、默认脱敏、用途必填、下载审计,手机号/身份证/支付账号/IP/设备指纹/SecretRef默认脱敏；查看原文需字段权限、会话升级、目的说明和访问审计,以下操作必须绑定双人审批：冻结实名,不可逆或高影响操作展示目标、影响范围、原因、审批单、服务端version；确认文案不得使用含糊的“确定”,更新当前行/详情、状态计数和待办；显示操作结果、requestId和审计入口；禁止仅Toast不更新数据,字段错误就地提示；409重新加载差异；422保留输入；权限变化立即收回入口；首屏/翻页采用不同错误态,展示当前筛选、无数据原因和可执行下一步；不得使用无上下文的空白表格,读：identity.read；写：identity.manage,HIGH,admin_page_adm_id_002_operation,R05,FROZEN_OPERATIONAL_V1.2.2
ADM-CONTENT-001,统一内容列表,内容,/contents,ADM-LIST,页码;每页数量;游标;状态;关键词;排序;内容类型;分类;地区,createdAt:desc,ID;内容类型;标题;摘要;详细说明;分类;地区;媒体;发布者;脱敏联系方式;状态;审核状态;统计;创建时间,ID/名称;状态;主金额（财务页）;操作,createdAt;updatedAt;status;amountCent（存在时）；仅允许后端白名单,批量导出;批量操作仅允许可逆标记；上下线/关闭需逐项校验,查看详情,概览;业务数据;状态历史;关联对象;操作审计,ID;内容类型;标题;摘要;详细说明;分类;地区;媒体;发布者;脱敏联系方式;状态;审核状态;统计;创建时间,具备页面读取和 export.create 权限可异步导出当前筛选；禁止导出未展示或无权限字段,手机号/身份证/支付账号/IP/设备指纹/SecretRef默认脱敏；查看原文需字段权限、会话升级、目的说明和访问审计,普通保存按页面权限；涉及资金、秘密、生产发布、永久处罚或高风险导出时自动升级为双人审批,不可逆或高影响操作展示目标、影响范围、原因、审批单、服务端version；确认文案不得使用含糊的“确定”,更新当前行/详情、状态计数和待办；显示操作结果、requestId和审计入口；禁止仅Toast不更新数据,字段错误就地提示；409重新加载差异；422保留输入；权限变化立即收回入口；首屏/翻页采用不同错误态,展示当前筛选、无数据原因和可执行下一步；不得使用无上下文的空白表格,读：content.read；写：content.manage,NORMAL,admin_page_adm_content_001_operation,R06,FROZEN_OPERATIONAL_V1.2.2
ADM-CONTENT-002,内容详情,内容,/contents/:id,ADM-DETAIL,页码;每页数量;游标;状态;关键词;排序;内容类型;分类;地区,createdAt:desc,ID;内容类型;标题;摘要;详细说明;分类;地区;媒体;发布者;脱敏联系方式;状态;审核状态;统计;创建时间,ID/名称;状态;主金额（财务页）;操作,createdAt;updatedAt;status;amountCent（存在时）；仅允许后端白名单,无默认批量业务写操作；除非页面规格明确，不得因表格组件能力自行增加,平台上架;平台下架;违规封禁;运营推荐;官方标识,正文与媒体;发布者;联系方式策略;审核版本;数据指标;举报申诉;状态历史,ID;内容类型;标题;摘要;详细说明;分类;地区;媒体;发布者;脱敏联系方式;状态;审核状态;统计;创建时间,具备页面读取和 export.create 权限可异步导出当前筛选；禁止导出未展示或无权限字段,手机号/身份证/支付账号/IP/设备指纹/SecretRef默认脱敏；查看原文需字段权限、会话升级、目的说明和访问审计,普通保存按页面权限；涉及资金、秘密、生产发布、永久处罚或高风险导出时自动升级为双人审批,不可逆或高影响操作展示目标、影响范围、原因、审批单、服务端version；确认文案不得使用含糊的“确定”,更新当前行/详情、状态计数和待办；显示操作结果、requestId和审计入口；禁止仅Toast不更新数据,字段错误就地提示；409重新加载差异；422保留输入；权限变化立即收回入口；首屏/翻页采用不同错误态,展示当前筛选、无数据原因和可执行下一步；不得使用无上下文的空白表格,读：content.read；写：content.manage,NORMAL,admin_page_adm_content_002_operation,R06,FROZEN_OPERATIONAL_V1.2.2
ADM-CONTENT-003,字典与属性,内容,/contents/dictionaries,ADM-LIST,页码;每页数量;游标;状态;关键词;排序;内容类型;分类;地区,createdAt:desc,ID;内容类型;标题;摘要;详细说明;分类;地区;媒体;发布者;脱敏联系方式;状态;审核状态;统计;创建时间,ID/名称;状态;主金额（财务页）;操作,createdAt;updatedAt;status;amountCent（存在时）；仅允许后端白名单,无默认批量业务写操作；除非页面规格明确，不得因表格组件能力自行增加,平台上架;平台下架;违规封禁;运营推荐;官方标识;修改字典,概览;业务数据;状态历史;关联对象;操作审计,ID;内容类型;标题;摘要;详细说明;分类;地区;媒体;发布者;脱敏联系方式;状态;审核状态;统计;创建时间,具备页面读取和 export.create 权限可异步导出当前筛选；禁止导出未展示或无权限字段,手机号/身份证/支付账号/IP/设备指纹/SecretRef默认脱敏；查看原文需字段权限、会话升级、目的说明和访问审计,普通保存按页面权限；涉及资金、秘密、生产发布、永久处罚或高风险导出时自动升级为双人审批,不可逆或高影响操作展示目标、影响范围、原因、审批单、服务端version；确认文案不得使用含糊的“确定”,更新当前行/详情、状态计数和待办；显示操作结果、requestId和审计入口；禁止仅Toast不更新数据,字段错误就地提示；409重新加载差异；422保留输入；权限变化立即收回入口；首屏/翻页采用不同错误态,展示当前筛选、无数据原因和可执行下一步；不得使用无上下文的空白表格,读：content.read；写：content.manage,NORMAL,admin_page_adm_content_003_operation,R06,FROZEN_OPERATIONAL_V1.2.2
ADM-REVIEW-001,审核队列,审核,/reviews,ADM-REVIEW,页码;每页数量;游标;状态;关键词;排序,"priority:desc,createdAt:asc",ID;主体类型;subject Id;状态;risk Level;assignee Id;decision;原因;创建时间;版本;reporter Id;原因代码;appellant Id,ID/名称;状态;主金额（财务页）;操作,createdAt;updatedAt;status;amountCent（存在时）；仅允许后端白名单,批量分配（仅未领取项）;批量标记优先级（不允许批量作出最终决定）,通过/驳回/二审;分配审核员,概览;业务数据;状态历史;关联对象;操作审计,ID;主体类型;subject Id;状态;risk Level;assignee Id;decision;原因;创建时间;版本;reporter Id;原因代码;appellant Id,具备页面读取和 export.create 权限可异步导出当前筛选；禁止导出未展示或无权限字段,手机号/身份证/支付账号/IP/设备指纹/SecretRef默认脱敏；查看原文需字段权限、会话升级、目的说明和访问审计,普通保存按页面权限；涉及资金、秘密、生产发布、永久处罚或高风险导出时自动升级为双人审批,不可逆或高影响操作展示目标、影响范围、原因、审批单、服务端version；确认文案不得使用含糊的“确定”,更新当前行/详情、状态计数和待办；显示操作结果、requestId和审计入口；禁止仅Toast不更新数据,字段错误就地提示；409重新加载差异；422保留输入；权限变化立即收回入口；首屏/翻页采用不同错误态,展示当前筛选、无数据原因和可执行下一步；不得使用无上下文的空白表格,读：review.read；写：review.decide;review.assign,NORMAL,admin_page_adm_review_001_operation,R12,FROZEN_OPERATIONAL_V1.2.2
ADM-RP-001,红包活动列表,红包,/red-packets,ADM-LIST,页码;每页数量;游标;状态;关键词;排序,createdAt:desc,ID;内容ID;owner User Id;状态;红包总数量;remaining Count;单个红包金额;principal Cent;service Fee Cent;开始时间;结束时间;版本,ID/名称;状态;主金额（财务页）;操作,createdAt;updatedAt;status;amountCent（存在时）；仅允许后端白名单,批量导出;批量操作仅允许可逆标记；上下线/关闭需逐项校验,查看详情,概览;业务数据;状态历史;关联对象;操作审计,ID;内容ID;owner User Id;状态;红包总数量;remaining Count;单个红包金额;principal Cent;service Fee Cent;开始时间;结束时间;版本,具备页面读取和 export.create 权限可异步导出当前筛选；禁止导出未展示或无权限字段,手机号/身份证/支付账号/IP/设备指纹/SecretRef默认脱敏；查看原文需字段权限、会话升级、目的说明和访问审计,普通保存按页面权限；涉及资金、秘密、生产发布、永久处罚或高风险导出时自动升级为双人审批,不可逆或高影响操作展示目标、影响范围、原因、审批单、服务端version；确认文案不得使用含糊的“确定”,更新当前行/详情、状态计数和待办；显示操作结果、requestId和审计入口；禁止仅Toast不更新数据,字段错误就地提示；409重新加载差异；422保留输入；权限变化立即收回入口；首屏/翻页采用不同错误态,展示当前筛选、无数据原因和可执行下一步；不得使用无上下文的空白表格,读：redpacket.read；写：redpacket.manage,NORMAL,admin_page_adm_rp_001_operation,R20,FROZEN_OPERATIONAL_V1.2.2
ADM-RP-002,红包活动详情,红包,/red-packets/:id,ADM-DETAIL,页码;每页数量;游标;状态;关键词;排序,createdAt:desc,ID;内容ID;owner User Id;状态;红包总数量;remaining Count;单个红包金额;principal Cent;service Fee Cent;开始时间;结束时间;版本,ID/名称;状态;主金额（财务页）;操作,createdAt;updatedAt;status;amountCent（存在时）；仅允许后端白名单,无默认批量业务写操作；除非页面规格明确，不得因表格组件能力自行增加,预审核;平台暂停;恢复;平台终止且不退款,活动概览;内容与报价;资金与订单;库存领取;风险事件;状态历史;审计,ID;内容ID;owner User Id;状态;红包总数量;remaining Count;单个红包金额;principal Cent;service Fee Cent;开始时间;结束时间;版本,具备页面读取和 export.create 权限可异步导出当前筛选；禁止导出未展示或无权限字段,手机号/身份证/支付账号/IP/设备指纹/SecretRef默认脱敏；查看原文需字段权限、会话升级、目的说明和访问审计,普通保存按页面权限；涉及资金、秘密、生产发布、永久处罚或高风险导出时自动升级为双人审批,不可逆或高影响操作展示目标、影响范围、原因、审批单、服务端version；确认文案不得使用含糊的“确定”,更新当前行/详情、状态计数和待办；显示操作结果、requestId和审计入口；禁止仅Toast不更新数据,字段错误就地提示；409重新加载差异；422保留输入；权限变化立即收回入口；首屏/翻页采用不同错误态,展示当前筛选、无数据原因和可执行下一步；不得使用无上下文的空白表格,读：redpacket.read；写：redpacket.manage,NORMAL,admin_page_adm_rp_002_operation,R23,FROZEN_OPERATIONAL_V1.2.2
ADM-RP-003,红包预审核,红包,/red-packets/review,ADM-REVIEW,页码;每页数量;游标;状态;关键词;排序,"priority:desc,createdAt:asc",ID;内容ID;owner User Id;状态;红包总数量;remaining Count;单个红包金额;principal Cent;service Fee Cent;开始时间;结束时间;版本,ID/名称;状态;主金额（财务页）;操作,createdAt;updatedAt;status;amountCent（存在时）；仅允许后端白名单,批量分配（仅未领取项）;批量标记优先级（不允许批量作出最终决定）,预审核;平台暂停;恢复;平台终止且不退款,概览;业务数据;状态历史;关联对象;操作审计,ID;内容ID;owner User Id;状态;红包总数量;remaining Count;单个红包金额;principal Cent;service Fee Cent;开始时间;结束时间;版本,具备页面读取和 export.create 权限可异步导出当前筛选；禁止导出未展示或无权限字段,手机号/身份证/支付账号/IP/设备指纹/SecretRef默认脱敏；查看原文需字段权限、会话升级、目的说明和访问审计,普通保存按页面权限；涉及资金、秘密、生产发布、永久处罚或高风险导出时自动升级为双人审批,不可逆或高影响操作展示目标、影响范围、原因、审批单、服务端version；确认文案不得使用含糊的“确定”,更新当前行/详情、状态计数和待办；显示操作结果、requestId和审计入口；禁止仅Toast不更新数据,字段错误就地提示；409重新加载差异；422保留输入；权限变化立即收回入口；首屏/翻页采用不同错误态,展示当前筛选、无数据原因和可执行下一步；不得使用无上下文的空白表格,读：redpacket.read；写：redpacket.manage,NORMAL,admin_page_adm_rp_003_operation,R20,FROZEN_OPERATIONAL_V1.2.2
ADM-RP-004,红包风险事件,红包,/red-packets/risk,ADM-SECURITY,页码;每页数量;游标;状态;关键词;排序,createdAt:desc,ID;内容ID;owner User Id;状态;红包总数量;remaining Count;单个红包金额;principal Cent;service Fee Cent;开始时间;结束时间;版本,ID/名称;状态;主金额（财务页）;操作,createdAt;updatedAt;status;amountCent（存在时）；仅允许后端白名单,无默认批量业务写操作；除非页面规格明确，不得因表格组件能力自行增加,预审核;平台暂停;恢复;平台终止且不退款,概览;业务数据;状态历史;关联对象;操作审计,ID;内容ID;owner User Id;状态;红包总数量;remaining Count;单个红包金额;principal Cent;service Fee Cent;开始时间;结束时间;版本,具备页面读取和 export.create 权限可异步导出当前筛选；禁止导出未展示或无权限字段,手机号/身份证/支付账号/IP/设备指纹/SecretRef默认脱敏；查看原文需字段权限、会话升级、目的说明和访问审计,普通保存按页面权限；涉及资金、秘密、生产发布、永久处罚或高风险导出时自动升级为双人审批,不可逆或高影响操作展示目标、影响范围、原因、审批单、服务端version；确认文案不得使用含糊的“确定”,更新当前行/详情、状态计数和待办；显示操作结果、requestId和审计入口；禁止仅Toast不更新数据,字段错误就地提示；409重新加载差异；422保留输入；权限变化立即收回入口；首屏/翻页采用不同错误态,展示当前筛选、无数据原因和可执行下一步；不得使用无上下文的空白表格,读：redpacket.read；写：redpacket.manage,NORMAL,admin_page_adm_rp_004_operation,R23,FROZEN_OPERATIONAL_V1.2.2
ADM-PROD-001,商品与SKU,商品,/commerce/products,ADM-LIST,页码;每页数量;游标;状态;关键词;排序,updatedAt:desc,ID;product Code;名称;商品类型;状态;skus;版本,ID/名称;状态;主金额（财务页）;操作,createdAt;updatedAt;status;amountCent（存在时）；仅允许后端白名单,无默认批量业务写操作；除非页面规格明确，不得因表格组件能力自行增加,创建商品;修改商品;创建SKU;修改SKU,概览;业务数据;状态历史;关联对象;操作审计,ID;product Code;名称;商品类型;状态;skus;版本,具备页面读取和 export.create 权限可异步导出当前筛选；禁止导出未展示或无权限字段,手机号/身份证/支付账号/IP/设备指纹/SecretRef默认脱敏；查看原文需字段权限、会话升级、目的说明和访问审计,普通保存按页面权限；涉及资金、秘密、生产发布、永久处罚或高风险导出时自动升级为双人审批,不可逆或高影响操作展示目标、影响范围、原因、审批单、服务端version；确认文案不得使用含糊的“确定”,更新当前行/详情、状态计数和待办；显示操作结果、requestId和审计入口；禁止仅Toast不更新数据,字段错误就地提示；409重新加载差异；422保留输入；权限变化立即收回入口；首屏/翻页采用不同错误态,展示当前筛选、无数据原因和可执行下一步；不得使用无上下文的空白表格,读：product.manage；写：product.manage,NORMAL,admin_page_adm_prod_001_operation,R30,FROZEN_OPERATIONAL_V1.2.2
ADM-ORDER-001,订单列表,订单,/commerce/orders,ADM-LIST,页码;每页数量;游标;状态;关键词;排序,createdAt:desc,resource Id;business No;状态;版本;accepted At,ID/名称;状态;主金额（财务页）;操作,createdAt;updatedAt;status;amountCent（存在时）；仅允许后端白名单,无批量写操作,查看详情,概览;业务数据;状态历史;关联对象;操作审计,resource Id;business No;状态;版本;accepted At,具备页面读取和 export.create 权限可异步导出当前筛选；禁止导出未展示或无权限字段,手机号/身份证/支付账号/IP/设备指纹/SecretRef默认脱敏；查看原文需字段权限、会话升级、目的说明和访问审计,普通保存按页面权限；涉及资金、秘密、生产发布、永久处罚或高风险导出时自动升级为双人审批,不可逆或高影响操作展示目标、影响范围、原因、审批单、服务端version；确认文案不得使用含糊的“确定”,更新当前行/详情、状态计数和待办；显示操作结果、requestId和审计入口；禁止仅Toast不更新数据,字段错误就地提示；409重新加载差异；422保留输入；权限变化立即收回入口；首屏/翻页采用不同错误态,展示当前筛选、无数据原因和可执行下一步；不得使用无上下文的空白表格,读：order.read；写：order.manage,NORMAL,admin_page_adm_order_001_operation,R16,FROZEN_OPERATIONAL_V1.2.2
ADM-PAY-001,支付交易,支付,/commerce/payments,ADM-FINANCE,页码;每页数量;游标;状态;关键词;排序,createdAt:desc,ID;order No;支付网关;gateway Trade No;状态;金额;币种;paid At;reconciliation Status;版本,ID/名称;状态;主金额（财务页）;操作,createdAt;updatedAt;status;amountCent（存在时）；仅允许后端白名单,无默认批量业务写操作；除非页面规格明确，不得因表格组件能力自行增加,主动查单;处理异常账务;执行对账,交易;订单;网关回调;对账;异常;审计,ID;order No;支付网关;gateway Trade No;状态;金额;币种;paid At;reconciliation Status;版本,仅具备 export.create 权限可导出；异步任务、字段白名单、默认脱敏、用途必填、下载审计,手机号/身份证/支付账号/IP/设备指纹/SecretRef默认脱敏；查看原文需字段权限、会话升级、目的说明和访问审计,普通保存按页面权限；涉及资金、秘密、生产发布、永久处罚或高风险导出时自动升级为双人审批,不可逆或高影响操作展示目标、影响范围、原因、审批单、服务端version；确认文案不得使用含糊的“确定”,更新当前行/详情、状态计数和待办；显示操作结果、requestId和审计入口；禁止仅Toast不更新数据,字段错误就地提示；409重新加载差异；422保留输入；权限变化立即收回入口；首屏/翻页采用不同错误态,展示当前筛选、无数据原因和可执行下一步；不得使用无上下文的空白表格,读：payment.read；写：payment.manage,HIGH,admin_page_adm_pay_001_operation,R17,FROZEN_OPERATIONAL_V1.2.2
ADM-RECON-001,支付对账,支付,/commerce/reconciliation,ADM-FINANCE,页码;每页数量;游标;状态;关键词;排序,createdAt:desc,ID;order No;支付网关;gateway Trade No;状态;金额;币种;paid At;reconciliation Status;版本,ID/名称;状态;主金额（财务页）;操作,createdAt;updatedAt;status;amountCent（存在时）；仅允许后端白名单,无默认批量业务写操作；除非页面规格明确，不得因表格组件能力自行增加,主动查单;处理异常账务;执行对账,交易;订单;网关回调;对账;异常;审计,ID;order No;支付网关;gateway Trade No;状态;金额;币种;paid At;reconciliation Status;版本,仅具备 export.create 权限可导出；异步任务、字段白名单、默认脱敏、用途必填、下载审计,手机号/身份证/支付账号/IP/设备指纹/SecretRef默认脱敏；查看原文需字段权限、会话升级、目的说明和访问审计,普通保存按页面权限；涉及资金、秘密、生产发布、永久处罚或高风险导出时自动升级为双人审批,不可逆或高影响操作展示目标、影响范围、原因、审批单、服务端version；确认文案不得使用含糊的“确定”,更新当前行/详情、状态计数和待办；显示操作结果、requestId和审计入口；禁止仅Toast不更新数据,字段错误就地提示；409重新加载差异；422保留输入；权限变化立即收回入口；首屏/翻页采用不同错误态,展示当前筛选、无数据原因和可执行下一步；不得使用无上下文的空白表格,读：payment.reconcile；写：payment.reconcile,HIGH,admin_page_adm_recon_001_operation,R17,FROZEN_OPERATIONAL_V1.2.2
ADM-REWARD-001,奖励账户,奖励,/finance/reward-accounts,ADM-FINANCE,页码;每页数量;游标;状态;关键词;排序,createdAt:desc,用户ID;pending Cent;available Cent;frozen Cent;withdrawn Cent;版本;更新时间,ID/名称;状态;主金额（财务页）;操作,createdAt;updatedAt;status;amountCent（存在时）；仅允许后端白名单,无默认批量业务写操作；除非页面规格明确，不得因表格组件能力自行增加,创建奖励调整申请,账户;流水;冻结;调整申请;会计分录;审计,用户ID;pending Cent;available Cent;frozen Cent;withdrawn Cent;版本;更新时间,仅具备 export.create 权限可导出；异步任务、字段白名单、默认脱敏、用途必填、下载审计,手机号/身份证/支付账号/IP/设备指纹/SecretRef默认脱敏；查看原文需字段权限、会话升级、目的说明和访问审计,以下操作必须绑定双人审批：创建奖励调整申请,不可逆或高影响操作展示目标、影响范围、原因、审批单、服务端version；确认文案不得使用含糊的“确定”,更新当前行/详情、状态计数和待办；显示操作结果、requestId和审计入口；禁止仅Toast不更新数据,字段错误就地提示；409重新加载差异；422保留输入；权限变化立即收回入口；首屏/翻页采用不同错误态,展示当前筛选、无数据原因和可执行下一步；不得使用无上下文的空白表格,读：reward.read；写：reward.manage,HIGH,admin_page_adm_reward_001_operation,R24,FROZEN_OPERATIONAL_V1.2.2
ADM-REWARD-002,奖励流水,奖励,/finance/reward-ledger,ADM-FINANCE,页码;每页数量;游标;状态;关键词;排序,createdAt:desc,用户ID;pending Cent;available Cent;frozen Cent;withdrawn Cent;版本;更新时间,ID/名称;状态;主金额（财务页）;操作,createdAt;updatedAt;status;amountCent（存在时）；仅允许后端白名单,无批量写操作,查看详情,账户;流水;冻结;调整申请;会计分录;审计,用户ID;pending Cent;available Cent;frozen Cent;withdrawn Cent;版本;更新时间,仅具备 export.create 权限可导出；异步任务、字段白名单、默认脱敏、用途必填、下载审计,手机号/身份证/支付账号/IP/设备指纹/SecretRef默认脱敏；查看原文需字段权限、会话升级、目的说明和访问审计,普通保存按页面权限；涉及资金、秘密、生产发布、永久处罚或高风险导出时自动升级为双人审批,不可逆或高影响操作展示目标、影响范围、原因、审批单、服务端version；确认文案不得使用含糊的“确定”,更新当前行/详情、状态计数和待办；显示操作结果、requestId和审计入口；禁止仅Toast不更新数据,字段错误就地提示；409重新加载差异；422保留输入；权限变化立即收回入口；首屏/翻页采用不同错误态,展示当前筛选、无数据原因和可执行下一步；不得使用无上下文的空白表格,读：reward.read；写：reward.manage,HIGH,admin_page_adm_reward_002_operation,R24,FROZEN_OPERATIONAL_V1.2.2
ADM-WD-001,提现列表,提现,/finance/withdrawals,ADM-FINANCE,页码;每页数量;游标;状态;关键词;排序,createdAt:desc,ID;withdrawal No;用户ID;状态;金额;fee Cent;net Amount Cent;payout Account Masked;失败代码;创建时间;completed At;版本,ID/名称;状态;主金额（财务页）;操作,createdAt;updatedAt;status;amountCent（存在时）；仅允许后端白名单,无批量写操作,查看详情,概览;业务数据;状态历史;关联对象;操作审计,ID;withdrawal No;用户ID;状态;金额;fee Cent;net Amount Cent;payout Account Masked;失败代码;创建时间;completed At;版本,仅具备 export.create 权限可导出；异步任务、字段白名单、默认脱敏、用途必填、下载审计,手机号/身份证/支付账号/IP/设备指纹/SecretRef默认脱敏；查看原文需字段权限、会话升级、目的说明和访问审计,普通保存按页面权限；涉及资金、秘密、生产发布、永久处罚或高风险导出时自动升级为双人审批,不可逆或高影响操作展示目标、影响范围、原因、审批单、服务端version；确认文案不得使用含糊的“确定”,更新当前行/详情、状态计数和待办；显示操作结果、requestId和审计入口；禁止仅Toast不更新数据,字段错误就地提示；409重新加载差异；422保留输入；权限变化立即收回入口；首屏/翻页采用不同错误态,展示当前筛选、无数据原因和可执行下一步；不得使用无上下文的空白表格,读：withdrawal.read；写：withdrawal.manage,HIGH,admin_page_adm_wd_001_operation,R24,FROZEN_OPERATIONAL_V1.2.2
ADM-WD-002,提现详情,提现,/finance/withdrawals/:id,ADM-FINANCE,页码;每页数量;游标;状态;关键词;排序,createdAt:desc,ID;withdrawal No;用户ID;状态;金额;fee Cent;net Amount Cent;payout Account Masked;失败代码;创建时间;completed At;版本,ID/名称;状态;主金额（财务页）;操作,createdAt;updatedAt;status;amountCent（存在时）；仅允许后端白名单,无默认批量业务写操作；除非页面规格明确，不得因表格组件能力自行增加,风控审核;财务审核;发起出款;查询出款,申请信息;账户脱敏;风控;财务复核;出款记录;回调对账;状态历史,ID;withdrawal No;用户ID;状态;金额;fee Cent;net Amount Cent;payout Account Masked;失败代码;创建时间;completed At;版本,仅具备 export.create 权限可导出；异步任务、字段白名单、默认脱敏、用途必填、下载审计,手机号/身份证/支付账号/IP/设备指纹/SecretRef默认脱敏；查看原文需字段权限、会话升级、目的说明和访问审计,以下操作必须绑定双人审批：发起出款;查询出款,不可逆或高影响操作展示目标、影响范围、原因、审批单、服务端version；确认文案不得使用含糊的“确定”,更新当前行/详情、状态计数和待办；显示操作结果、requestId和审计入口；禁止仅Toast不更新数据,字段错误就地提示；409重新加载差异；422保留输入；权限变化立即收回入口；首屏/翻页采用不同错误态,展示当前筛选、无数据原因和可执行下一步；不得使用无上下文的空白表格,读：withdrawal.read；写：withdrawal.manage,HIGH,admin_page_adm_wd_002_operation,R24,FROZEN_OPERATIONAL_V1.2.2
ADM-MEMBER-001,会员SKU,会员,/commerce/membership/skus,ADM-LIST,页码;每页数量;游标;状态;关键词;排序,updatedAt:desc,ID;SKU;名称;状态;starts At;过期时间;权益;paid Value Cent;remaining Value Cent;版本,ID/名称;状态;主金额（财务页）;操作,createdAt;updatedAt;status;amountCent（存在时）；仅允许后端白名单,无默认批量业务写操作；除非页面规格明确，不得因表格组件能力自行增加,价格和期限;权益配置;人工赠送,概览;业务数据;状态历史;关联对象;操作审计,ID;SKU;名称;状态;starts At;过期时间;权益;paid Value Cent;remaining Value Cent;版本,具备页面读取和 export.create 权限可异步导出当前筛选；禁止导出未展示或无权限字段,手机号/身份证/支付账号/IP/设备指纹/SecretRef默认脱敏；查看原文需字段权限、会话升级、目的说明和访问审计,普通保存按页面权限；涉及资金、秘密、生产发布、永久处罚或高风险导出时自动升级为双人审批,不可逆或高影响操作展示目标、影响范围、原因、审批单、服务端version；确认文案不得使用含糊的“确定”,更新当前行/详情、状态计数和待办；显示操作结果、requestId和审计入口；禁止仅Toast不更新数据,字段错误就地提示；409重新加载差异；422保留输入；权限变化立即收回入口；首屏/翻页采用不同错误态,展示当前筛选、无数据原因和可执行下一步；不得使用无上下文的空白表格,读：membership.manage；写：membership.manage,NORMAL,admin_page_adm_member_001_operation,R18,FROZEN_OPERATIONAL_V1.2.2
ADM-MEMBER-002,用户会员,会员,/commerce/membership/users,ADM-LIST,页码;每页数量;游标;状态;关键词;排序,createdAt:desc,ID;SKU;名称;状态;starts At;过期时间;权益;paid Value Cent;remaining Value Cent;版本,ID/名称;状态;主金额（财务页）;操作,createdAt;updatedAt;status;amountCent（存在时）；仅允许后端白名单,无默认批量业务写操作；除非页面规格明确，不得因表格组件能力自行增加,价格和期限;权益配置,概览;业务数据;状态历史;关联对象;操作审计,ID;SKU;名称;状态;starts At;过期时间;权益;paid Value Cent;remaining Value Cent;版本,具备页面读取和 export.create 权限可异步导出当前筛选；禁止导出未展示或无权限字段,手机号/身份证/支付账号/IP/设备指纹/SecretRef默认脱敏；查看原文需字段权限、会话升级、目的说明和访问审计,普通保存按页面权限；涉及资金、秘密、生产发布、永久处罚或高风险导出时自动升级为双人审批,不可逆或高影响操作展示目标、影响范围、原因、审批单、服务端version；确认文案不得使用含糊的“确定”,更新当前行/详情、状态计数和待办；显示操作结果、requestId和审计入口；禁止仅Toast不更新数据,字段错误就地提示；409重新加载差异；422保留输入；权限变化立即收回入口；首屏/翻页采用不同错误态,展示当前筛选、无数据原因和可执行下一步；不得使用无上下文的空白表格,读：membership.manage；写：membership.manage,NORMAL,admin_page_adm_member_002_operation,R18,FROZEN_OPERATIONAL_V1.2.2
ADM-PROP-001,道具商品,道具,/commerce/props/products,ADM-LIST,页码;每页数量;游标;状态;关键词;排序,updatedAt:desc,ID;prop Type;名称;数量;状态;过期时间;配置;版本,ID/名称;状态;主金额（财务页）;操作,createdAt;updatedAt;status;amountCent（存在时）；仅允许后端白名单,无默认批量业务写操作；除非页面规格明确，不得因表格组件能力自行增加,修改道具;创建资源位,概览;业务数据;状态历史;关联对象;操作审计,ID;prop Type;名称;数量;状态;过期时间;配置;版本,具备页面读取和 export.create 权限可异步导出当前筛选；禁止导出未展示或无权限字段,手机号/身份证/支付账号/IP/设备指纹/SecretRef默认脱敏；查看原文需字段权限、会话升级、目的说明和访问审计,普通保存按页面权限；涉及资金、秘密、生产发布、永久处罚或高风险导出时自动升级为双人审批,不可逆或高影响操作展示目标、影响范围、原因、审批单、服务端version；确认文案不得使用含糊的“确定”,更新当前行/详情、状态计数和待办；显示操作结果、requestId和审计入口；禁止仅Toast不更新数据,字段错误就地提示；409重新加载差异；422保留输入；权限变化立即收回入口；首屏/翻页采用不同错误态,展示当前筛选、无数据原因和可执行下一步；不得使用无上下文的空白表格,读：prop.manage；写：prop.manage,NORMAL,admin_page_adm_prop_001_operation,R19,FROZEN_OPERATIONAL_V1.2.2
ADM-PROP-002,资源位与排期,道具,/commerce/props/slots,ADM-LIST,页码;每页数量;游标;状态;关键词;排序,createdAt:desc,ID;prop Type;名称;数量;状态;过期时间;配置;版本,ID/名称;状态;主金额（财务页）;操作,createdAt;updatedAt;status;amountCent（存在时）；仅允许后端白名单,无默认批量业务写操作；除非页面规格明确，不得因表格组件能力自行增加,修改道具,概览;业务数据;状态历史;关联对象;操作审计,ID;prop Type;名称;数量;状态;过期时间;配置;版本,具备页面读取和 export.create 权限可异步导出当前筛选；禁止导出未展示或无权限字段,手机号/身份证/支付账号/IP/设备指纹/SecretRef默认脱敏；查看原文需字段权限、会话升级、目的说明和访问审计,普通保存按页面权限；涉及资金、秘密、生产发布、永久处罚或高风险导出时自动升级为双人审批,不可逆或高影响操作展示目标、影响范围、原因、审批单、服务端version；确认文案不得使用含糊的“确定”,更新当前行/详情、状态计数和待办；显示操作结果、requestId和审计入口；禁止仅Toast不更新数据,字段错误就地提示；409重新加载差异；422保留输入；权限变化立即收回入口；首屏/翻页采用不同错误态,展示当前筛选、无数据原因和可执行下一步；不得使用无上下文的空白表格,读：prop.manage；写：prop.manage,NORMAL,admin_page_adm_prop_002_operation,R19,FROZEN_OPERATIONAL_V1.2.2
ADM-PROP-003,执行日志,道具,/commerce/props/executions,ADM-LIST,页码;每页数量;游标;状态;关键词;排序,createdAt:desc,ID;prop Type;名称;数量;状态;过期时间;配置;版本,ID/名称;状态;主金额（财务页）;操作,createdAt;updatedAt;status;amountCent（存在时）；仅允许后端白名单,无默认批量业务写操作；除非页面规格明确，不得因表格组件能力自行增加,修改道具;创建资源位,概览;业务数据;状态历史;关联对象;操作审计,ID;prop Type;名称;数量;状态;过期时间;配置;版本,具备页面读取和 export.create 权限可异步导出当前筛选；禁止导出未展示或无权限字段,手机号/身份证/支付账号/IP/设备指纹/SecretRef默认脱敏；查看原文需字段权限、会话升级、目的说明和访问审计,普通保存按页面权限；涉及资金、秘密、生产发布、永久处罚或高风险导出时自动升级为双人审批,不可逆或高影响操作展示目标、影响范围、原因、审批单、服务端version；确认文案不得使用含糊的“确定”,更新当前行/详情、状态计数和待办；显示操作结果、requestId和审计入口；禁止仅Toast不更新数据,字段错误就地提示；409重新加载差异；422保留输入；权限变化立即收回入口；首屏/翻页采用不同错误态,展示当前筛选、无数据原因和可执行下一步；不得使用无上下文的空白表格,读：prop.manage；写：prop.manage,NORMAL,admin_page_adm_prop_003_operation,R19,FROZEN_OPERATIONAL_V1.2.2
ADM-REF-001,邀请关系,推广,/growth/referrals,ADM-LIST,页码;每页数量;游标;状态;关键词;排序,createdAt:desc,用户ID;邀请码;直推人数;二级人数;合格直推人数;待结算佣金;已结算佣金;奖励档位;版本;rule Version;风险分;qualified;milestone Code;reward Status,ID/名称;状态;主金额（财务页）;操作,createdAt;updatedAt;status;amountCent（存在时）；仅允许后端白名单,无默认批量业务写操作；除非页面规格明确，不得因表格组件能力自行增加,纠纷调整关系;创建策略版本;创建规则版本,关系;事件;佣金;奖励;风险;调整历史,用户ID;邀请码;直推人数;二级人数;合格直推人数;待结算佣金;已结算佣金;奖励档位;版本;rule Version;风险分;qualified;milestone Code;reward Status,具备页面读取和 export.create 权限可异步导出当前筛选；禁止导出未展示或无权限字段,手机号/身份证/支付账号/IP/设备指纹/SecretRef默认脱敏；查看原文需字段权限、会话升级、目的说明和访问审计,以下操作必须绑定双人审批：纠纷调整关系,不可逆或高影响操作展示目标、影响范围、原因、审批单、服务端version；确认文案不得使用含糊的“确定”,更新当前行/详情、状态计数和待办；显示操作结果、requestId和审计入口；禁止仅Toast不更新数据,字段错误就地提示；409重新加载差异；422保留输入；权限变化立即收回入口；首屏/翻页采用不同错误态,展示当前筛选、无数据原因和可执行下一步；不得使用无上下文的空白表格,读：referral.read；写：referral.manage,NORMAL,admin_page_adm_ref_001_operation,R25,FROZEN_OPERATIONAL_V1.2.2
ADM-REF-002,佣金策略,推广,/growth/commissions/policies,ADM-LIST,页码;每页数量;游标;状态;关键词;排序,createdAt:desc,用户ID;邀请码;直推人数;二级人数;合格直推人数;待结算佣金;已结算佣金;奖励档位;版本;rule Version;风险分;qualified;milestone Code;reward Status,ID/名称;状态;主金额（财务页）;操作,createdAt;updatedAt;status;amountCent（存在时）；仅允许后端白名单,无默认批量业务写操作；除非页面规格明确，不得因表格组件能力自行增加,纠纷调整关系;创建策略版本;创建规则版本,关系;事件;佣金;奖励;风险;调整历史,用户ID;邀请码;直推人数;二级人数;合格直推人数;待结算佣金;已结算佣金;奖励档位;版本;rule Version;风险分;qualified;milestone Code;reward Status,具备页面读取和 export.create 权限可异步导出当前筛选；禁止导出未展示或无权限字段,手机号/身份证/支付账号/IP/设备指纹/SecretRef默认脱敏；查看原文需字段权限、会话升级、目的说明和访问审计,以下操作必须绑定双人审批：纠纷调整关系,不可逆或高影响操作展示目标、影响范围、原因、审批单、服务端version；确认文案不得使用含糊的“确定”,更新当前行/详情、状态计数和待办；显示操作结果、requestId和审计入口；禁止仅Toast不更新数据,字段错误就地提示；409重新加载差异；422保留输入；权限变化立即收回入口；首屏/翻页采用不同错误态,展示当前筛选、无数据原因和可执行下一步；不得使用无上下文的空白表格,读：referral.read；写：referral.manage,NORMAL,admin_page_adm_ref_002_operation,R25,FROZEN_OPERATIONAL_V1.2.2
ADM-REF-003,佣金记录,推广,/growth/commissions/records,ADM-FINANCE,页码;每页数量;游标;状态;关键词;排序,createdAt:desc,用户ID;邀请码;直推人数;二级人数;合格直推人数;待结算佣金;已结算佣金;奖励档位;版本;rule Version;风险分;qualified;milestone Code;reward Status,ID/名称;状态;主金额（财务页）;操作,createdAt;updatedAt;status;amountCent（存在时）；仅允许后端白名单,无批量写操作,查看详情,关系;事件;佣金;奖励;风险;调整历史,用户ID;邀请码;直推人数;二级人数;合格直推人数;待结算佣金;已结算佣金;奖励档位;版本;rule Version;风险分;qualified;milestone Code;reward Status,具备页面读取和 export.create 权限可异步导出当前筛选；禁止导出未展示或无权限字段,手机号/身份证/支付账号/IP/设备指纹/SecretRef默认脱敏；查看原文需字段权限、会话升级、目的说明和访问审计,普通保存按页面权限；涉及资金、秘密、生产发布、永久处罚或高风险导出时自动升级为双人审批,不可逆或高影响操作展示目标、影响范围、原因、审批单、服务端version；确认文案不得使用含糊的“确定”,更新当前行/详情、状态计数和待办；显示操作结果、requestId和审计入口；禁止仅Toast不更新数据,字段错误就地提示；409重新加载差异；422保留输入；权限变化立即收回入口；首屏/翻页采用不同错误态,展示当前筛选、无数据原因和可执行下一步；不得使用无上下文的空白表格,读：referral.read；写：referral.manage,NORMAL,admin_page_adm_ref_003_operation,R25,FROZEN_OPERATIONAL_V1.2.2
ADM-REF-004,直推活跃规则,推广,/growth/referral-activity/rules,ADM-LIST,页码;每页数量;游标;状态;关键词;排序,updatedAt:desc,用户ID;邀请码;直推人数;二级人数;合格直推人数;待结算佣金;已结算佣金;奖励档位;版本;rule Version;风险分;qualified;milestone Code;reward Status,ID/名称;状态;主金额（财务页）;操作,createdAt;updatedAt;status;amountCent（存在时）；仅允许后端白名单,无默认批量业务写操作；除非页面规格明确，不得因表格组件能力自行增加,纠纷调整关系;创建策略版本;创建规则版本,关系;事件;佣金;奖励;风险;调整历史,用户ID;邀请码;直推人数;二级人数;合格直推人数;待结算佣金;已结算佣金;奖励档位;版本;rule Version;风险分;qualified;milestone Code;reward Status,具备页面读取和 export.create 权限可异步导出当前筛选；禁止导出未展示或无权限字段,手机号/身份证/支付账号/IP/设备指纹/SecretRef默认脱敏；查看原文需字段权限、会话升级、目的说明和访问审计,以下操作必须绑定双人审批：纠纷调整关系,不可逆或高影响操作展示目标、影响范围、原因、审批单、服务端version；确认文案不得使用含糊的“确定”,更新当前行/详情、状态计数和待办；显示操作结果、requestId和审计入口；禁止仅Toast不更新数据,字段错误就地提示；409重新加载差异；422保留输入；权限变化立即收回入口；首屏/翻页采用不同错误态,展示当前筛选、无数据原因和可执行下一步；不得使用无上下文的空白表格,读：referral.read；写：referral.manage,NORMAL,admin_page_adm_ref_004_operation,R26,FROZEN_OPERATIONAL_V1.2.2
ADM-REF-005,直推进度,推广,/growth/referral-activity/progress,ADM-LIST,页码;每页数量;游标;状态;关键词;排序,createdAt:desc,用户ID;邀请码;直推人数;二级人数;合格直推人数;待结算佣金;已结算佣金;奖励档位;版本;rule Version;风险分;qualified;milestone Code;reward Status,ID/名称;状态;主金额（财务页）;操作,createdAt;updatedAt;status;amountCent（存在时）；仅允许后端白名单,无默认批量业务写操作；除非页面规格明确，不得因表格组件能力自行增加,纠纷调整关系;创建策略版本;创建规则版本,关系;事件;佣金;奖励;风险;调整历史,用户ID;邀请码;直推人数;二级人数;合格直推人数;待结算佣金;已结算佣金;奖励档位;版本;rule Version;风险分;qualified;milestone Code;reward Status,具备页面读取和 export.create 权限可异步导出当前筛选；禁止导出未展示或无权限字段,手机号/身份证/支付账号/IP/设备指纹/SecretRef默认脱敏；查看原文需字段权限、会话升级、目的说明和访问审计,以下操作必须绑定双人审批：纠纷调整关系,不可逆或高影响操作展示目标、影响范围、原因、审批单、服务端version；确认文案不得使用含糊的“确定”,更新当前行/详情、状态计数和待办；显示操作结果、requestId和审计入口；禁止仅Toast不更新数据,字段错误就地提示；409重新加载差异；422保留输入；权限变化立即收回入口；首屏/翻页采用不同错误态,展示当前筛选、无数据原因和可执行下一步；不得使用无上下文的空白表格,读：referral.read；写：referral.manage,NORMAL,admin_page_adm_ref_005_operation,R26,FROZEN_OPERATIONAL_V1.2.2
ADM-REF-006,阶梯奖励矩阵,推广,/growth/referral-activity/matrix,ADM-FINANCE,页码;每页数量;游标;状态;关键词;排序,createdAt:desc,用户ID;邀请码;直推人数;二级人数;合格直推人数;待结算佣金;已结算佣金;奖励档位;版本;rule Version;风险分;qualified;milestone Code;reward Status,ID/名称;状态;主金额（财务页）;操作,createdAt;updatedAt;status;amountCent（存在时）；仅允许后端白名单,无默认批量业务写操作；除非页面规格明确，不得因表格组件能力自行增加,纠纷调整关系;创建策略版本;创建规则版本;保存档位矩阵新版本,关系;事件;佣金;奖励;风险;调整历史,用户ID;邀请码;直推人数;二级人数;合格直推人数;待结算佣金;已结算佣金;奖励档位;版本;rule Version;风险分;qualified;milestone Code;reward Status,具备页面读取和 export.create 权限可异步导出当前筛选；禁止导出未展示或无权限字段,手机号/身份证/支付账号/IP/设备指纹/SecretRef默认脱敏；查看原文需字段权限、会话升级、目的说明和访问审计,以下操作必须绑定双人审批：纠纷调整关系,不可逆或高影响操作展示目标、影响范围、原因、审批单、服务端version；确认文案不得使用含糊的“确定”,更新当前行/详情、状态计数和待办；显示操作结果、requestId和审计入口；禁止仅Toast不更新数据,字段错误就地提示；409重新加载差异；422保留输入；权限变化立即收回入口；首屏/翻页采用不同错误态,展示当前筛选、无数据原因和可执行下一步；不得使用无上下文的空白表格,读：referral.read；写：referral.manage,NORMAL,admin_page_adm_ref_006_operation,R26,FROZEN_OPERATIONAL_V1.2.2
ADM-TASK-001,任务定义,任务,/growth/tasks/definitions,ADM-LIST,页码;每页数量;游标;状态;关键词;排序,createdAt:desc,ID;任务代码;名称;任务类型;状态;进度;目标;奖励;是否可领取;过期时间;版本,ID/名称;状态;主金额（财务页）;操作,createdAt;updatedAt;status;amountCent（存在时）；仅允许后端白名单,无默认批量业务写操作；除非页面规格明确，不得因表格组件能力自行增加,创建任务;修改任务;修改预算,概览;业务数据;状态历史;关联对象;操作审计,ID;任务代码;名称;任务类型;状态;进度;目标;奖励;是否可领取;过期时间;版本,具备页面读取和 export.create 权限可异步导出当前筛选；禁止导出未展示或无权限字段,手机号/身份证/支付账号/IP/设备指纹/SecretRef默认脱敏；查看原文需字段权限、会话升级、目的说明和访问审计,普通保存按页面权限；涉及资金、秘密、生产发布、永久处罚或高风险导出时自动升级为双人审批,不可逆或高影响操作展示目标、影响范围、原因、审批单、服务端version；确认文案不得使用含糊的“确定”,更新当前行/详情、状态计数和待办；显示操作结果、requestId和审计入口；禁止仅Toast不更新数据,字段错误就地提示；409重新加载差异；422保留输入；权限变化立即收回入口；首屏/翻页采用不同错误态,展示当前筛选、无数据原因和可执行下一步；不得使用无上下文的空白表格,读：task.manage；写：task.manage,NORMAL,admin_page_adm_task_001_operation,R27,FROZEN_OPERATIONAL_V1.2.2
ADM-TASK-002,任务进度与预算,任务,/growth/tasks/progress,ADM-LIST,页码;每页数量;游标;状态;关键词;排序,createdAt:desc,ID;任务代码;名称;任务类型;状态;进度;目标;奖励;是否可领取;过期时间;版本,ID/名称;状态;主金额（财务页）;操作,createdAt;updatedAt;status;amountCent（存在时）；仅允许后端白名单,无默认批量业务写操作；除非页面规格明确，不得因表格组件能力自行增加,修改任务;修改预算,概览;业务数据;状态历史;关联对象;操作审计,ID;任务代码;名称;任务类型;状态;进度;目标;奖励;是否可领取;过期时间;版本,具备页面读取和 export.create 权限可异步导出当前筛选；禁止导出未展示或无权限字段,手机号/身份证/支付账号/IP/设备指纹/SecretRef默认脱敏；查看原文需字段权限、会话升级、目的说明和访问审计,普通保存按页面权限；涉及资金、秘密、生产发布、永久处罚或高风险导出时自动升级为双人审批,不可逆或高影响操作展示目标、影响范围、原因、审批单、服务端version；确认文案不得使用含糊的“确定”,更新当前行/详情、状态计数和待办；显示操作结果、requestId和审计入口；禁止仅Toast不更新数据,字段错误就地提示；409重新加载差异；422保留输入；权限变化立即收回入口；首屏/翻页采用不同错误态,展示当前筛选、无数据原因和可执行下一步；不得使用无上下文的空白表格,读：task.manage；写：task.manage,NORMAL,admin_page_adm_task_002_operation,R27,FROZEN_OPERATIONAL_V1.2.2
ADM-CHAT-001,聊天举报,聊天,/governance/chat-reports,ADM-LIST,页码;每页数量;游标;状态;关键词;排序,"priority:desc,createdAt:asc",ID;对方;最后消息;未读数;最后已读消息;更新时间;版本,ID/名称;状态;主金额（财务页）;操作,createdAt;updatedAt;status;amountCent（存在时）；仅允许后端白名单,批量分配（仅未领取项）;批量标记优先级（不允许批量作出最终决定）,处理聊天举报,概览;业务数据;状态历史;关联对象;操作审计,ID;对方;最后消息;未读数;最后已读消息;更新时间;版本,具备页面读取和 export.create 权限可异步导出当前筛选；禁止导出未展示或无权限字段,手机号/身份证/支付账号/IP/设备指纹/SecretRef默认脱敏；查看原文需字段权限、会话升级、目的说明和访问审计,普通保存按页面权限；涉及资金、秘密、生产发布、永久处罚或高风险导出时自动升级为双人审批,不可逆或高影响操作展示目标、影响范围、原因、审批单、服务端version；确认文案不得使用含糊的“确定”,更新当前行/详情、状态计数和待办；显示操作结果、requestId和审计入口；禁止仅Toast不更新数据,字段错误就地提示；409重新加载差异；422保留输入；权限变化立即收回入口；首屏/翻页采用不同错误态,展示当前筛选、无数据原因和可执行下一步；不得使用无上下文的空白表格,读：chat.report.read；写：chat.report.manage,NORMAL,admin_page_adm_chat_001_operation,R15,FROZEN_OPERATIONAL_V1.2.2
ADM-SUPPORT-001,工单列表,客服,/support/tickets,ADM-LIST,页码;每页数量;游标;状态;关键词;排序,"priority:desc,createdAt:asc",ID;ticket No;问题分类;主题;状态;assignee;last Message At;创建时间;版本,ID/名称;状态;主金额（财务页）;操作,createdAt;updatedAt;status;amountCent（存在时）；仅允许后端白名单,批量分配（仅未领取项）;批量标记优先级（不允许批量作出最终决定）,查看详情,概览;业务数据;状态历史;关联对象;操作审计,ID;ticket No;问题分类;主题;状态;assignee;last Message At;创建时间;版本,具备页面读取和 export.create 权限可异步导出当前筛选；禁止导出未展示或无权限字段,手机号/身份证/支付账号/IP/设备指纹/SecretRef默认脱敏；查看原文需字段权限、会话升级、目的说明和访问审计,普通保存按页面权限；涉及资金、秘密、生产发布、永久处罚或高风险导出时自动升级为双人审批,不可逆或高影响操作展示目标、影响范围、原因、审批单、服务端version；确认文案不得使用含糊的“确定”,更新当前行/详情、状态计数和待办；显示操作结果、requestId和审计入口；禁止仅Toast不更新数据,字段错误就地提示；409重新加载差异；422保留输入；权限变化立即收回入口；首屏/翻页采用不同错误态,展示当前筛选、无数据原因和可执行下一步；不得使用无上下文的空白表格,读：support.manage；写：support.manage,NORMAL,admin_page_adm_support_001_operation,R15,FROZEN_OPERATIONAL_V1.2.2
ADM-CMS-001,首页CMS,运营,/operations/cms/home,ADM-CMS,页码;每页数量;游标;状态;关键词;排序,createdAt:desc,ID;代码;内容类型;标题;状态;正文;版本;生效时间,ID/名称;状态;主金额（财务页）;操作,createdAt;updatedAt;status;amountCent（存在时）；仅允许后端白名单,无默认批量业务写操作；除非页面规格明确，不得因表格组件能力自行增加,排序和配置;创建轮播;创建文章;更新H5配置新版本,概览;业务数据;状态历史;关联对象;操作审计,ID;代码;内容类型;标题;状态;正文;版本;生效时间,具备页面读取和 export.create 权限可异步导出当前筛选；禁止导出未展示或无权限字段,手机号/身份证/支付账号/IP/设备指纹/SecretRef默认脱敏；查看原文需字段权限、会话升级、目的说明和访问审计,普通保存按页面权限；涉及资金、秘密、生产发布、永久处罚或高风险导出时自动升级为双人审批,不可逆或高影响操作展示目标、影响范围、原因、审批单、服务端version；确认文案不得使用含糊的“确定”,更新当前行/详情、状态计数和待办；显示操作结果、requestId和审计入口；禁止仅Toast不更新数据,字段错误就地提示；409重新加载差异；422保留输入；权限变化立即收回入口；首屏/翻页采用不同错误态,展示当前筛选、无数据原因和可执行下一步；不得使用无上下文的空白表格,读：cms.manage；写：cms.manage,NORMAL,admin_page_adm_cms_001_operation,R28,FROZEN_OPERATIONAL_V1.2.2
ADM-CMS-002,H5宣传页CMS,运营,/operations/cms/h5,ADM-CMS,页码;每页数量;游标;状态;关键词;排序,createdAt:desc,ID;代码;内容类型;标题;状态;正文;版本;生效时间,ID/名称;状态;主金额（财务页）;操作,createdAt;updatedAt;status;amountCent（存在时）；仅允许后端白名单,无默认批量业务写操作；除非页面规格明确，不得因表格组件能力自行增加,排序和配置;创建轮播;创建文章;更新H5配置新版本,概览;业务数据;状态历史;关联对象;操作审计,ID;代码;内容类型;标题;状态;正文;版本;生效时间,具备页面读取和 export.create 权限可异步导出当前筛选；禁止导出未展示或无权限字段,手机号/身份证/支付账号/IP/设备指纹/SecretRef默认脱敏；查看原文需字段权限、会话升级、目的说明和访问审计,普通保存按页面权限；涉及资金、秘密、生产发布、永久处罚或高风险导出时自动升级为双人审批,不可逆或高影响操作展示目标、影响范围、原因、审批单、服务端version；确认文案不得使用含糊的“确定”,更新当前行/详情、状态计数和待办；显示操作结果、requestId和审计入口；禁止仅Toast不更新数据,字段错误就地提示；409重新加载差异；422保留输入；权限变化立即收回入口；首屏/翻页采用不同错误态,展示当前筛选、无数据原因和可执行下一步；不得使用无上下文的空白表格,读：cms.manage；写：cms.manage,NORMAL,admin_page_adm_cms_002_operation,R28,FROZEN_OPERATIONAL_V1.2.2
ADM-CMS-003,公告帮助协议,运营,/operations/cms/content,ADM-CMS,页码;每页数量;游标;状态;关键词;排序,createdAt:desc,ID;代码;内容类型;标题;状态;正文;版本;生效时间,ID/名称;状态;主金额（财务页）;操作,createdAt;updatedAt;status;amountCent（存在时）；仅允许后端白名单,无默认批量业务写操作；除非页面规格明确，不得因表格组件能力自行增加,排序和配置;创建轮播;创建文章;更新H5配置新版本;新增协议版本,概览;业务数据;状态历史;关联对象;操作审计,ID;代码;内容类型;标题;状态;正文;版本;生效时间,具备页面读取和 export.create 权限可异步导出当前筛选；禁止导出未展示或无权限字段,手机号/身份证/支付账号/IP/设备指纹/SecretRef默认脱敏；查看原文需字段权限、会话升级、目的说明和访问审计,普通保存按页面权限；涉及资金、秘密、生产发布、永久处罚或高风险导出时自动升级为双人审批,不可逆或高影响操作展示目标、影响范围、原因、审批单、服务端version；确认文案不得使用含糊的“确定”,更新当前行/详情、状态计数和待办；显示操作结果、requestId和审计入口；禁止仅Toast不更新数据,字段错误就地提示；409重新加载差异；422保留输入；权限变化立即收回入口；首屏/翻页采用不同错误态,展示当前筛选、无数据原因和可执行下一步；不得使用无上下文的空白表格,读：cms.manage；写：cms.manage,NORMAL,admin_page_adm_cms_003_operation,R28,FROZEN_OPERATIONAL_V1.2.2
ADM-APP-001,App版本,版本,/delivery/app-versions,ADM-BUILD,页码;每页数量;游标;状态;关键词;排序,createdAt:desc,platform;latest Version Code;latest Version Name;update Type;download Url;SHA-256;release Notes;min Supported Version Code;服务端时间,ID/名称;状态;主金额（财务页）;操作,createdAt;updatedAt;status;amountCent（存在时）；仅允许后端白名单,无默认批量业务写操作；除非页面规格明确，不得因表格组件能力自行增加,创建版本;发布/灰度,概览;业务数据;状态历史;关联对象;操作审计,platform;latest Version Code;latest Version Name;update Type;download Url;SHA-256;release Notes;min Supported Version Code;服务端时间,具备页面读取和 export.create 权限可异步导出当前筛选；禁止导出未展示或无权限字段,手机号/身份证/支付账号/IP/设备指纹/SecretRef默认脱敏；查看原文需字段权限、会话升级、目的说明和访问审计,以下操作必须绑定双人审批：发布/灰度,不可逆或高影响操作展示目标、影响范围、原因、审批单、服务端version；确认文案不得使用含糊的“确定”,更新当前行/详情、状态计数和待办；显示操作结果、requestId和审计入口；禁止仅Toast不更新数据,字段错误就地提示；409重新加载差异；422保留输入；权限变化立即收回入口；首屏/翻页采用不同错误态,展示当前筛选、无数据原因和可执行下一步；不得使用无上下文的空白表格,读：app.release.read；写：app.release.manage,NORMAL,admin_page_adm_app_001_operation,R29,FROZEN_OPERATIONAL_V1.2.2
ADM-RISK-001,风险事件,风控,/governance/risk/events,ADM-SECURITY,页码;每页数量;游标;状态;关键词;排序,createdAt:desc,ID;event Type;主体类型;subject Id;risk Level;风险分;状态;规则命中;创建时间;版本,ID/名称;状态;主金额（财务页）;操作,createdAt;updatedAt;status;amountCent（存在时）；仅允许后端白名单,无默认批量业务写操作；除非页面规格明确，不得因表格组件能力自行增加,人工处置;创建规则版本;新增黑名单;移除黑名单,概览;业务数据;状态历史;关联对象;操作审计,ID;event Type;主体类型;subject Id;risk Level;风险分;状态;规则命中;创建时间;版本,具备页面读取和 export.create 权限可异步导出当前筛选；禁止导出未展示或无权限字段,手机号/身份证/支付账号/IP/设备指纹/SecretRef默认脱敏；查看原文需字段权限、会话升级、目的说明和访问审计,普通保存按页面权限；涉及资金、秘密、生产发布、永久处罚或高风险导出时自动升级为双人审批,不可逆或高影响操作展示目标、影响范围、原因、审批单、服务端version；确认文案不得使用含糊的“确定”,更新当前行/详情、状态计数和待办；显示操作结果、requestId和审计入口；禁止仅Toast不更新数据,字段错误就地提示；409重新加载差异；422保留输入；权限变化立即收回入口；首屏/翻页采用不同错误态,展示当前筛选、无数据原因和可执行下一步；不得使用无上下文的空白表格,读：risk.manage；写：risk.manage,NORMAL,admin_page_adm_risk_001_operation,R31,FROZEN_OPERATIONAL_V1.2.2
ADM-RISK-002,黑白名单,风控,/governance/risk/lists,ADM-SECURITY,页码;每页数量;游标;状态;关键词;排序,createdAt:desc,ID;event Type;主体类型;subject Id;risk Level;风险分;状态;规则命中;创建时间;版本,ID/名称;状态;主金额（财务页）;操作,createdAt;updatedAt;status;amountCent（存在时）；仅允许后端白名单,无默认批量业务写操作；除非页面规格明确，不得因表格组件能力自行增加,人工处置;移除黑名单,概览;业务数据;状态历史;关联对象;操作审计,ID;event Type;主体类型;subject Id;risk Level;风险分;状态;规则命中;创建时间;版本,具备页面读取和 export.create 权限可异步导出当前筛选；禁止导出未展示或无权限字段,手机号/身份证/支付账号/IP/设备指纹/SecretRef默认脱敏；查看原文需字段权限、会话升级、目的说明和访问审计,普通保存按页面权限；涉及资金、秘密、生产发布、永久处罚或高风险导出时自动升级为双人审批,不可逆或高影响操作展示目标、影响范围、原因、审批单、服务端version；确认文案不得使用含糊的“确定”,更新当前行/详情、状态计数和待办；显示操作结果、requestId和审计入口；禁止仅Toast不更新数据,字段错误就地提示；409重新加载差异；422保留输入；权限变化立即收回入口；首屏/翻页采用不同错误态,展示当前筛选、无数据原因和可执行下一步；不得使用无上下文的空白表格,读：risk.manage；写：risk.manage,NORMAL,admin_page_adm_risk_002_operation,R31,FROZEN_OPERATIONAL_V1.2.2
ADM-CONFIG-001,系统配置,系统,/system/config,ADM-CONFIG,页码;每页数量;游标;状态;关键词;排序,updatedAt:desc,key;环境;脱敏值;版本;状态;生效时间;是否需重启;更新人;供应商;当前版本;草稿版本;秘密配置状态;连接状态;最后测试时间,ID/名称;状态;主金额（财务页）;操作,createdAt;updatedAt;status;amountCent（存在时）；仅允许后端白名单,无默认批量业务写操作；除非页面规格明确，不得因表格组件能力自行增加,修改配置并生成版本;灰度开关;创建供应商配置版本;连接或发送测试,概览;业务数据;状态历史;关联对象;操作审计,key;环境;脱敏值;版本;状态;生效时间;是否需重启;更新人;供应商;当前版本;草稿版本;秘密配置状态;连接状态;最后测试时间,仅具备 export.create 权限可导出；异步任务、字段白名单、默认脱敏、用途必填、下载审计,手机号/身份证/支付账号/IP/设备指纹/SecretRef默认脱敏；查看原文需字段权限、会话升级、目的说明和访问审计,普通保存按页面权限；涉及资金、秘密、生产发布、永久处罚或高风险导出时自动升级为双人审批,不可逆或高影响操作展示目标、影响范围、原因、审批单、服务端version；确认文案不得使用含糊的“确定”,更新当前行/详情、状态计数和待办；显示操作结果、requestId和审计入口；禁止仅Toast不更新数据,字段错误就地提示；409重新加载差异；422保留输入；权限变化立即收回入口；首屏/翻页采用不同错误态,展示当前筛选、无数据原因和可执行下一步；不得使用无上下文的空白表格,读：config.manage；写：config.manage,HIGH,admin_page_adm_config_001_operation,R30,FROZEN_OPERATIONAL_V1.2.2
ADM-RBAC-001,员工角色权限,系统,/system/rbac,ADM-SECURITY,页码;每页数量;游标;状态;关键词;排序,createdAt:desc,ID;代码;名称;permission Codes;状态;版本,ID/名称;状态;主金额（财务页）;操作,createdAt;updatedAt;status;amountCent（存在时）；仅允许后端白名单,无默认批量业务写操作；除非页面规格明确，不得因表格组件能力自行增加,创建后台用户;配置权限,概览;业务数据;状态历史;关联对象;操作审计,ID;代码;名称;permission Codes;状态;版本,仅具备 export.create 权限可导出；异步任务、字段白名单、默认脱敏、用途必填、下载审计,手机号/身份证/支付账号/IP/设备指纹/SecretRef默认脱敏；查看原文需字段权限、会话升级、目的说明和访问审计,普通保存按页面权限；涉及资金、秘密、生产发布、永久处罚或高风险导出时自动升级为双人审批,不可逆或高影响操作展示目标、影响范围、原因、审批单、服务端version；确认文案不得使用含糊的“确定”,更新当前行/详情、状态计数和待办；显示操作结果、requestId和审计入口；禁止仅Toast不更新数据,字段错误就地提示；409重新加载差异；422保留输入；权限变化立即收回入口；首屏/翻页采用不同错误态,展示当前筛选、无数据原因和可执行下一步；不得使用无上下文的空白表格,读：rbac.manage；写：rbac.manage,HIGH,admin_page_adm_rbac_001_operation,R30,FROZEN_OPERATIONAL_V1.2.2
ADM-AUDIT-001,审计日志,系统,/system/audit,ADM-SECURITY,页码;每页数量;游标;状态;关键词;排序,createdAt:desc,ID;actor Type;actor Id;action;resource Type;resource Id;request Id;ip Masked;result;创建时间,ID/名称;状态;主金额（财务页）;操作,createdAt;updatedAt;status;amountCent（存在时）；仅允许后端白名单,无批量写操作,查看详情,概览;业务数据;状态历史;关联对象;操作审计,ID;actor Type;actor Id;action;resource Type;resource Id;request Id;ip Masked;result;创建时间,仅具备 export.create 权限可导出；异步任务、字段白名单、默认脱敏、用途必填、下载审计,手机号/身份证/支付账号/IP/设备指纹/SecretRef默认脱敏；查看原文需字段权限、会话升级、目的说明和访问审计,普通保存按页面权限；涉及资金、秘密、生产发布、永久处罚或高风险导出时自动升级为双人审批,不可逆或高影响操作展示目标、影响范围、原因、审批单、服务端version；确认文案不得使用含糊的“确定”,更新当前行/详情、状态计数和待办；显示操作结果、requestId和审计入口；禁止仅Toast不更新数据,字段错误就地提示；409重新加载差异；422保留输入；权限变化立即收回入口；首屏/翻页采用不同错误态,展示当前筛选、无数据原因和可执行下一步；不得使用无上下文的空白表格,读：audit.read；写：audit.manage,HIGH,admin_page_adm_audit_001_operation,R30,FROZEN_OPERATIONAL_V1.2.2
ADM-JOB-001,定时任务,系统,/system/jobs,ADM-CONFIG,页码;每页数量;游标;状态;关键词;排序,createdAt:desc,代码;名称;schedule;状态;last Run At;next Run At;last Result;版本,ID/名称;状态;主金额（财务页）;操作,createdAt;updatedAt;status;amountCent（存在时）；仅允许后端白名单,无默认批量业务写操作；除非页面规格明确，不得因表格组件能力自行增加,手动执行,概览;业务数据;状态历史;关联对象;操作审计,代码;名称;schedule;状态;last Run At;next Run At;last Result;版本,具备页面读取和 export.create 权限可异步导出当前筛选；禁止导出未展示或无权限字段,手机号/身份证/支付账号/IP/设备指纹/SecretRef默认脱敏；查看原文需字段权限、会话升级、目的说明和访问审计,普通保存按页面权限；涉及资金、秘密、生产发布、永久处罚或高风险导出时自动升级为双人审批,不可逆或高影响操作展示目标、影响范围、原因、审批单、服务端version；确认文案不得使用含糊的“确定”,更新当前行/详情、状态计数和待办；显示操作结果、requestId和审计入口；禁止仅Toast不更新数据,字段错误就地提示；409重新加载差异；422保留输入；权限变化立即收回入口；首屏/翻页采用不同错误态,展示当前筛选、无数据原因和可执行下一步；不得使用无上下文的空白表格,读：job.manage；写：job.manage,NORMAL,admin_page_adm_job_001_operation,R30,FROZEN_OPERATIONAL_V1.2.2
ADM-CONFIG-002,供应商配置中心,配置中心,/system/providers,ADM-CONFIG,页码;每页数量;游标;状态;关键词;排序,updatedAt:desc,key;环境;脱敏值;版本;状态;生效时间;是否需重启;更新人;供应商;当前版本;草稿版本;秘密配置状态;连接状态;最后测试时间,ID/名称;状态;主金额（财务页）;操作,createdAt;updatedAt;status;amountCent（存在时）；仅允许后端白名单,无默认批量业务写操作；除非页面规格明确，不得因表格组件能力自行增加,轮换证书并保留审计;双人复核后激活配置版本;回滚至指定已验证版本;上传加密证书或私钥文件,概览;业务数据;状态历史;关联对象;操作审计,key;环境;脱敏值;版本;状态;生效时间;是否需重启;更新人;供应商;当前版本;草稿版本;秘密配置状态;连接状态;最后测试时间,仅具备 export.create 权限可导出；异步任务、字段白名单、默认脱敏、用途必填、下载审计,手机号/身份证/支付账号/IP/设备指纹/SecretRef默认脱敏；查看原文需字段权限、会话升级、目的说明和访问审计,以下操作必须绑定双人审批：双人复核后激活配置版本;回滚至指定已验证版本,不可逆或高影响操作展示目标、影响范围、原因、审批单、服务端version；确认文案不得使用含糊的“确定”,更新当前行/详情、状态计数和待办；显示操作结果、requestId和审计入口；禁止仅Toast不更新数据,字段错误就地提示；409重新加载差异；422保留输入；权限变化立即收回入口；首屏/翻页采用不同错误态,展示当前筛选、无数据原因和可执行下一步；不得使用无上下文的空白表格,读：config.manage；写：config.manage,HIGH,admin_page_adm_config_002_operation,R03,FROZEN_OPERATIONAL_V1.2.2
ADM-CONFIG-003,阿里云短信配置,配置中心,/system/providers/sms,ADM-CONFIG,页码;每页数量;游标;状态;关键词;排序,updatedAt:desc,key;环境;脱敏值;版本;状态;生效时间;是否需重启;更新人;供应商;当前版本;草稿版本;秘密配置状态;连接状态;最后测试时间,ID/名称;状态;主金额（财务页）;操作,createdAt;updatedAt;status;amountCent（存在时）；仅允许后端白名单,无默认批量业务写操作；除非页面规格明确，不得因表格组件能力自行增加,修改配置并生成版本;灰度开关;创建供应商配置版本;连接或发送测试,概览;业务数据;状态历史;关联对象;操作审计,key;环境;脱敏值;版本;状态;生效时间;是否需重启;更新人;供应商;当前版本;草稿版本;秘密配置状态;连接状态;最后测试时间,仅具备 export.create 权限可导出；异步任务、字段白名单、默认脱敏、用途必填、下载审计,手机号/身份证/支付账号/IP/设备指纹/SecretRef默认脱敏；查看原文需字段权限、会话升级、目的说明和访问审计,普通保存按页面权限；涉及资金、秘密、生产发布、永久处罚或高风险导出时自动升级为双人审批,不可逆或高影响操作展示目标、影响范围、原因、审批单、服务端version；确认文案不得使用含糊的“确定”,更新当前行/详情、状态计数和待办；显示操作结果、requestId和审计入口；禁止仅Toast不更新数据,字段错误就地提示；409重新加载差异；422保留输入；权限变化立即收回入口；首屏/翻页采用不同错误态,展示当前筛选、无数据原因和可执行下一步；不得使用无上下文的空白表格,读：config.manage；写：config.manage,HIGH,admin_page_adm_config_003_operation,R03,FROZEN_OPERATIONAL_V1.2.2
ADM-CONFIG-004,对象存储配置,配置中心,/system/providers/storage,ADM-CONFIG,页码;每页数量;游标;状态;关键词;排序,updatedAt:desc,key;环境;脱敏值;版本;状态;生效时间;是否需重启;更新人;供应商;当前版本;草稿版本;秘密配置状态;连接状态;最后测试时间,ID/名称;状态;主金额（财务页）;操作,createdAt;updatedAt;status;amountCent（存在时）；仅允许后端白名单,无默认批量业务写操作；除非页面规格明确，不得因表格组件能力自行增加,修改配置并生成版本;灰度开关;创建供应商配置版本;连接或发送测试,概览;业务数据;状态历史;关联对象;操作审计,key;环境;脱敏值;版本;状态;生效时间;是否需重启;更新人;供应商;当前版本;草稿版本;秘密配置状态;连接状态;最后测试时间,仅具备 export.create 权限可导出；异步任务、字段白名单、默认脱敏、用途必填、下载审计,手机号/身份证/支付账号/IP/设备指纹/SecretRef默认脱敏；查看原文需字段权限、会话升级、目的说明和访问审计,普通保存按页面权限；涉及资金、秘密、生产发布、永久处罚或高风险导出时自动升级为双人审批,不可逆或高影响操作展示目标、影响范围、原因、审批单、服务端version；确认文案不得使用含糊的“确定”,更新当前行/详情、状态计数和待办；显示操作结果、requestId和审计入口；禁止仅Toast不更新数据,字段错误就地提示；409重新加载差异；422保留输入；权限变化立即收回入口；首屏/翻页采用不同错误态,展示当前筛选、无数据原因和可执行下一步；不得使用无上下文的空白表格,读：config.manage；写：config.manage,HIGH,admin_page_adm_config_004_operation,R03,FROZEN_OPERATIONAL_V1.2.2
ADM-CONFIG-005,支付网关配置,配置中心,/system/providers/payment,ADM-FINANCE,页码;每页数量;游标;状态;关键词;排序,updatedAt:desc,key;环境;脱敏值;版本;状态;生效时间;是否需重启;更新人;供应商;当前版本;草稿版本;秘密配置状态;连接状态;最后测试时间,ID/名称;状态;主金额（财务页）;操作,createdAt;updatedAt;status;amountCent（存在时）；仅允许后端白名单,无默认批量业务写操作；除非页面规格明确，不得因表格组件能力自行增加,修改配置并生成版本;灰度开关;创建供应商配置版本;连接或发送测试,概览;业务数据;状态历史;关联对象;操作审计,key;环境;脱敏值;版本;状态;生效时间;是否需重启;更新人;供应商;当前版本;草稿版本;秘密配置状态;连接状态;最后测试时间,仅具备 export.create 权限可导出；异步任务、字段白名单、默认脱敏、用途必填、下载审计,手机号/身份证/支付账号/IP/设备指纹/SecretRef默认脱敏；查看原文需字段权限、会话升级、目的说明和访问审计,普通保存按页面权限；涉及资金、秘密、生产发布、永久处罚或高风险导出时自动升级为双人审批,不可逆或高影响操作展示目标、影响范围、原因、审批单、服务端version；确认文案不得使用含糊的“确定”,更新当前行/详情、状态计数和待办；显示操作结果、requestId和审计入口；禁止仅Toast不更新数据,字段错误就地提示；409重新加载差异；422保留输入；权限变化立即收回入口；首屏/翻页采用不同错误态,展示当前筛选、无数据原因和可执行下一步；不得使用无上下文的空白表格,读：config.manage；写：config.manage,HIGH,admin_page_adm_config_005_operation,R03,FROZEN_OPERATIONAL_V1.2.2
ADM-CONFIG-006,支付宝企业付款配置,配置中心,/system/providers/payout,ADM-FINANCE,页码;每页数量;游标;状态;关键词;排序,updatedAt:desc,key;环境;脱敏值;版本;状态;生效时间;是否需重启;更新人;供应商;当前版本;草稿版本;秘密配置状态;连接状态;最后测试时间,ID/名称;状态;主金额（财务页）;操作,createdAt;updatedAt;status;amountCent（存在时）；仅允许后端白名单,无默认批量业务写操作；除非页面规格明确，不得因表格组件能力自行增加,修改配置并生成版本;灰度开关;创建供应商配置版本;连接或发送测试,概览;业务数据;状态历史;关联对象;操作审计,key;环境;脱敏值;版本;状态;生效时间;是否需重启;更新人;供应商;当前版本;草稿版本;秘密配置状态;连接状态;最后测试时间,仅具备 export.create 权限可导出；异步任务、字段白名单、默认脱敏、用途必填、下载审计,手机号/身份证/支付账号/IP/设备指纹/SecretRef默认脱敏；查看原文需字段权限、会话升级、目的说明和访问审计,普通保存按页面权限；涉及资金、秘密、生产发布、永久处罚或高风险导出时自动升级为双人审批,不可逆或高影响操作展示目标、影响范围、原因、审批单、服务端version；确认文案不得使用含糊的“确定”,更新当前行/详情、状态计数和待办；显示操作结果、requestId和审计入口；禁止仅Toast不更新数据,字段错误就地提示；409重新加载差异；422保留输入；权限变化立即收回入口；首屏/翻页采用不同错误态,展示当前筛选、无数据原因和可执行下一步；不得使用无上下文的空白表格,读：config.manage；写：config.manage,HIGH,admin_page_adm_config_006_operation,R03,FROZEN_OPERATIONAL_V1.2.2
ADM-CONFIG-007,实名认证配置,配置中心,/system/providers/identity,ADM-CONFIG,页码;每页数量;游标;状态;关键词;排序,updatedAt:desc,key;环境;脱敏值;版本;状态;生效时间;是否需重启;更新人;供应商;当前版本;草稿版本;秘密配置状态;连接状态;最后测试时间,ID/名称;状态;主金额（财务页）;操作,createdAt;updatedAt;status;amountCent（存在时）；仅允许后端白名单,无默认批量业务写操作；除非页面规格明确，不得因表格组件能力自行增加,修改配置并生成版本;灰度开关;创建供应商配置版本;连接或发送测试,基本信息;活体/人证结果;敏感媒体;风险;复核记录;访问审计,key;环境;脱敏值;版本;状态;生效时间;是否需重启;更新人;供应商;当前版本;草稿版本;秘密配置状态;连接状态;最后测试时间,仅具备 export.create 权限可导出；异步任务、字段白名单、默认脱敏、用途必填、下载审计,手机号/身份证/支付账号/IP/设备指纹/SecretRef默认脱敏；查看原文需字段权限、会话升级、目的说明和访问审计,普通保存按页面权限；涉及资金、秘密、生产发布、永久处罚或高风险导出时自动升级为双人审批,不可逆或高影响操作展示目标、影响范围、原因、审批单、服务端version；确认文案不得使用含糊的“确定”,更新当前行/详情、状态计数和待办；显示操作结果、requestId和审计入口；禁止仅Toast不更新数据,字段错误就地提示；409重新加载差异；422保留输入；权限变化立即收回入口；首屏/翻页采用不同错误态,展示当前筛选、无数据原因和可执行下一步；不得使用无上下文的空白表格,读：config.manage；写：config.manage,HIGH,admin_page_adm_config_007_operation,R03,FROZEN_OPERATIONAL_V1.2.2
ADM-CONFIG-008,域名与环境配置,配置中心,/system/domains,ADM-CONFIG,页码;每页数量;游标;状态;关键词;排序,updatedAt:desc,key;环境;脱敏值;版本;状态;生效时间;是否需重启;更新人;供应商;当前版本;草稿版本;秘密配置状态;连接状态;最后测试时间,ID/名称;状态;主金额（财务页）;操作,createdAt;updatedAt;status;amountCent（存在时）；仅允许后端白名单,无默认批量业务写操作；除非页面规格明确，不得因表格组件能力自行增加,修改配置并生成版本;灰度开关;创建供应商配置版本;连接或发送测试;更新二级域名计划;验证解析和HTTPS可达性,概览;业务数据;状态历史;关联对象;操作审计,key;环境;脱敏值;版本;状态;生效时间;是否需重启;更新人;供应商;当前版本;草稿版本;秘密配置状态;连接状态;最后测试时间,仅具备 export.create 权限可导出；异步任务、字段白名单、默认脱敏、用途必填、下载审计,手机号/身份证/支付账号/IP/设备指纹/SecretRef默认脱敏；查看原文需字段权限、会话升级、目的说明和访问审计,普通保存按页面权限；涉及资金、秘密、生产发布、永久处罚或高风险导出时自动升级为双人审批,不可逆或高影响操作展示目标、影响范围、原因、审批单、服务端version；确认文案不得使用含糊的“确定”,更新当前行/详情、状态计数和待办；显示操作结果、requestId和审计入口；禁止仅Toast不更新数据,字段错误就地提示；409重新加载差异；422保留输入；权限变化立即收回入口；首屏/翻页采用不同错误态,展示当前筛选、无数据原因和可执行下一步；不得使用无上下文的空白表格,读：config.manage；写：config.manage,HIGH,admin_page_adm_config_008_operation,R03,FROZEN_OPERATIONAL_V1.2.2
ADM-BUILD-001,构建中心首页,App构建,/delivery/builds,ADM-DASHBOARD,页码;每页数量;游标;状态;关键词;排序,createdAt:desc,ID;名称;环境;application Id;api Base Url;web Socket Url;signing Profile Id;状态;版本;任务编号;构建配置;Git引用;提交SHA;执行步骤,ID/名称;状态;主金额（财务页）;操作,createdAt;updatedAt;status;amountCent（存在时）；仅允许后端白名单,无默认批量业务写操作；除非页面规格明确，不得因表格组件能力自行增加,创建构建Profile;修改构建Profile;基于批准Git Ref创建官方App构建任务;取消可取消的构建任务,配置;任务;日志;产物;签名;发布;审计,ID;名称;环境;application Id;api Base Url;web Socket Url;signing Profile Id;状态;版本;任务编号;构建配置;Git引用;提交SHA;执行步骤,仅具备 export.create 权限可导出；异步任务、字段白名单、默认脱敏、用途必填、下载审计,手机号/身份证/支付账号/IP/设备指纹/SecretRef默认脱敏；查看原文需字段权限、会话升级、目的说明和访问审计,普通保存按页面权限；涉及资金、秘密、生产发布、永久处罚或高风险导出时自动升级为双人审批,不可逆或高影响操作展示目标、影响范围、原因、审批单、服务端version；确认文案不得使用含糊的“确定”,更新当前行/详情、状态计数和待办；显示操作结果、requestId和审计入口；禁止仅Toast不更新数据,字段错误就地提示；409重新加载差异；422保留输入；权限变化立即收回入口；首屏/翻页采用不同错误态,展示当前筛选、无数据原因和可执行下一步；不得使用无上下文的空白表格,读：app.build.manage；写：app.build.manage,HIGH,admin_page_adm_build_001_operation,R29,FROZEN_OPERATIONAL_V1.2.2
ADM-BUILD-002,构建配置,App构建,/delivery/builds/profiles,ADM-BUILD,页码;每页数量;游标;状态;关键词;排序,updatedAt:desc,ID;名称;环境;application Id;api Base Url;web Socket Url;signing Profile Id;状态;版本;任务编号;构建配置;Git引用;提交SHA;执行步骤,ID/名称;状态;主金额（财务页）;操作,createdAt;updatedAt;status;amountCent（存在时）；仅允许后端白名单,无默认批量业务写操作；除非页面规格明确，不得因表格组件能力自行增加,修改构建Profile;取消可取消的构建任务;按原Commit重试失败任务,配置;任务;日志;产物;签名;发布;审计,ID;名称;环境;application Id;api Base Url;web Socket Url;signing Profile Id;状态;版本;任务编号;构建配置;Git引用;提交SHA;执行步骤,仅具备 export.create 权限可导出；异步任务、字段白名单、默认脱敏、用途必填、下载审计,手机号/身份证/支付账号/IP/设备指纹/SecretRef默认脱敏；查看原文需字段权限、会话升级、目的说明和访问审计,普通保存按页面权限；涉及资金、秘密、生产发布、永久处罚或高风险导出时自动升级为双人审批,不可逆或高影响操作展示目标、影响范围、原因、审批单、服务端version；确认文案不得使用含糊的“确定”,更新当前行/详情、状态计数和待办；显示操作结果、requestId和审计入口；禁止仅Toast不更新数据,字段错误就地提示；409重新加载差异；422保留输入；权限变化立即收回入口；首屏/翻页采用不同错误态,展示当前筛选、无数据原因和可执行下一步；不得使用无上下文的空白表格,读：app.build.manage；写：app.build.manage,HIGH,admin_page_adm_build_002_operation,R29,FROZEN_OPERATIONAL_V1.2.2
ADM-BUILD-003,签名配置,App构建,/delivery/builds/signing,ADM-BUILD,页码;每页数量;游标;状态;关键词;排序,updatedAt:desc,ID;名称;环境;application Id;api Base Url;web Socket Url;signing Profile Id;状态;版本;任务编号;构建配置;Git引用;提交SHA;执行步骤,ID/名称;状态;主金额（财务页）;操作,createdAt;updatedAt;status;amountCent（存在时）；仅允许后端白名单,无默认批量业务写操作；除非页面规格明确，不得因表格组件能力自行增加,创建构建Profile;修改构建Profile;基于批准Git Ref创建官方App构建任务;取消可取消的构建任务;创建或导入受保护签名Profile;签名测试并返回证书指纹,配置;任务;日志;产物;签名;发布;审计,ID;名称;环境;application Id;api Base Url;web Socket Url;signing Profile Id;状态;版本;任务编号;构建配置;Git引用;提交SHA;执行步骤,仅具备 export.create 权限可导出；异步任务、字段白名单、默认脱敏、用途必填、下载审计,手机号/身份证/支付账号/IP/设备指纹/SecretRef默认脱敏；查看原文需字段权限、会话升级、目的说明和访问审计,普通保存按页面权限；涉及资金、秘密、生产发布、永久处罚或高风险导出时自动升级为双人审批,不可逆或高影响操作展示目标、影响范围、原因、审批单、服务端version；确认文案不得使用含糊的“确定”,更新当前行/详情、状态计数和待办；显示操作结果、requestId和审计入口；禁止仅Toast不更新数据,字段错误就地提示；409重新加载差异；422保留输入；权限变化立即收回入口；首屏/翻页采用不同错误态,展示当前筛选、无数据原因和可执行下一步；不得使用无上下文的空白表格,读：app.build.manage；写：app.build.manage,HIGH,admin_page_adm_build_003_operation,R29,FROZEN_OPERATIONAL_V1.2.2
ADM-BUILD-004,构建任务列表,App构建,/delivery/builds/jobs,ADM-BUILD,页码;每页数量;游标;状态;关键词;排序;disposition,createdAt:desc,ID;名称;环境;application Id;api Base Url;web Socket Url;signing Profile Id;状态;版本;任务编号;构建配置;Git引用;提交SHA;执行步骤,ID/名称;状态;主金额（财务页）;操作,createdAt;updatedAt;status;amountCent（存在时）；仅允许后端白名单,无批量写操作,查看详情,配置;任务;日志;产物;签名;发布;审计,ID;名称;环境;application Id;api Base Url;web Socket Url;signing Profile Id;状态;版本;任务编号;构建配置;Git引用;提交SHA;执行步骤,仅具备 export.create 权限可导出；异步任务、字段白名单、默认脱敏、用途必填、下载审计,手机号/身份证/支付账号/IP/设备指纹/SecretRef默认脱敏；查看原文需字段权限、会话升级、目的说明和访问审计,普通保存按页面权限；涉及资金、秘密、生产发布、永久处罚或高风险导出时自动升级为双人审批,不可逆或高影响操作展示目标、影响范围、原因、审批单、服务端version；确认文案不得使用含糊的“确定”,更新当前行/详情、状态计数和待办；显示操作结果、requestId和审计入口；禁止仅Toast不更新数据,字段错误就地提示；409重新加载差异；422保留输入；权限变化立即收回入口；首屏/翻页采用不同错误态,展示当前筛选、无数据原因和可执行下一步；不得使用无上下文的空白表格,读：app.build.manage；写：app.build.manage,HIGH,admin_page_adm_build_004_operation,R29,FROZEN_OPERATIONAL_V1.2.2
ADM-BUILD-005,构建任务详情,App构建,/delivery/builds/jobs/:id,ADM-BUILD,页码;每页数量;游标;状态;关键词;排序,createdAt:desc,ID;名称;环境;application Id;api Base Url;web Socket Url;signing Profile Id;状态;版本;任务编号;构建配置;Git引用;提交SHA;执行步骤,ID/名称;状态;主金额（财务页）;操作,createdAt;updatedAt;status;amountCent（存在时）；仅允许后端白名单,无默认批量业务写操作；除非页面规格明确，不得因表格组件能力自行增加,创建构建Profile;修改构建Profile;基于批准Git Ref创建官方App构建任务;取消可取消的构建任务,任务摘要;步骤;实时日志;产物;签名与校验;发布历史;审计,ID;名称;环境;application Id;api Base Url;web Socket Url;signing Profile Id;状态;版本;任务编号;构建配置;Git引用;提交SHA;执行步骤,仅具备 export.create 权限可导出；异步任务、字段白名单、默认脱敏、用途必填、下载审计,手机号/身份证/支付账号/IP/设备指纹/SecretRef默认脱敏；查看原文需字段权限、会话升级、目的说明和访问审计,普通保存按页面权限；涉及资金、秘密、生产发布、永久处罚或高风险导出时自动升级为双人审批,不可逆或高影响操作展示目标、影响范围、原因、审批单、服务端version；确认文案不得使用含糊的“确定”,更新当前行/详情、状态计数和待办；显示操作结果、requestId和审计入口；禁止仅Toast不更新数据,字段错误就地提示；409重新加载差异；422保留输入；权限变化立即收回入口；首屏/翻页采用不同错误态,展示当前筛选、无数据原因和可执行下一步；不得使用无上下文的空白表格,读：app.build.manage；写：app.build.manage,HIGH,admin_page_adm_build_005_operation,R29,FROZEN_OPERATIONAL_V1.2.2
ADM-BUILD-006,构建产物与下载,App构建,/delivery/builds/artifacts,ADM-BUILD,页码;每页数量;游标;状态;关键词;排序,createdAt:desc,ID;名称;环境;application Id;api Base Url;web Socket Url;signing Profile Id;状态;版本;任务编号;构建配置;Git引用;提交SHA;执行步骤,ID/名称;状态;主金额（财务页）;操作,createdAt;updatedAt;status;amountCent（存在时）；仅允许后端白名单,无默认批量业务写操作；除非页面规格明确，不得因表格组件能力自行增加,创建构建Profile;修改构建Profile;基于批准Git Ref创建官方App构建任务;取消可取消的构建任务,配置;任务;日志;产物;签名;发布;审计,ID;名称;环境;application Id;api Base Url;web Socket Url;signing Profile Id;状态;版本;任务编号;构建配置;Git引用;提交SHA;执行步骤,仅具备 export.create 权限可导出；异步任务、字段白名单、默认脱敏、用途必填、下载审计,手机号/身份证/支付账号/IP/设备指纹/SecretRef默认脱敏；查看原文需字段权限、会话升级、目的说明和访问审计,普通保存按页面权限；涉及资金、秘密、生产发布、永久处罚或高风险导出时自动升级为双人审批,不可逆或高影响操作展示目标、影响范围、原因、审批单、服务端version；确认文案不得使用含糊的“确定”,更新当前行/详情、状态计数和待办；显示操作结果、requestId和审计入口；禁止仅Toast不更新数据,字段错误就地提示；409重新加载差异；422保留输入；权限变化立即收回入口；首屏/翻页采用不同错误态,展示当前筛选、无数据原因和可执行下一步；不得使用无上下文的空白表格,读：app.build.manage；写：app.build.manage,HIGH,admin_page_adm_build_006_operation,R29,FROZEN_OPERATIONAL_V1.2.2
ADM-BUILD-007,发布与回滚,App构建,/delivery/releases,ADM-BUILD,页码;每页数量;游标;状态;关键词;排序,createdAt:desc,ID;名称;环境;application Id;api Base Url;web Socket Url;signing Profile Id;状态;版本;任务编号;构建配置;Git引用;提交SHA;执行步骤,ID/名称;状态;主金额（财务页）;操作,createdAt;updatedAt;status;amountCent（存在时）；仅允许后端白名单,无默认批量业务写操作；除非页面规格明确，不得因表格组件能力自行增加,创建构建Profile;修改构建Profile;基于批准Git Ref创建官方App构建任务;取消可取消的构建任务;发布到测试下载渠道;双人复核后晋级生产版本,配置;任务;日志;产物;签名;发布;审计,ID;名称;环境;application Id;api Base Url;web Socket Url;signing Profile Id;状态;版本;任务编号;构建配置;Git引用;提交SHA;执行步骤,仅具备 export.create 权限可导出；异步任务、字段白名单、默认脱敏、用途必填、下载审计,手机号/身份证/支付账号/IP/设备指纹/SecretRef默认脱敏；查看原文需字段权限、会话升级、目的说明和访问审计,以下操作必须绑定双人审批：发布到测试下载渠道;双人复核后晋级生产版本,不可逆或高影响操作展示目标、影响范围、原因、审批单、服务端version；确认文案不得使用含糊的“确定”,更新当前行/详情、状态计数和待办；显示操作结果、requestId和审计入口；禁止仅Toast不更新数据,字段错误就地提示；409重新加载差异；422保留输入；权限变化立即收回入口；首屏/翻页采用不同错误态,展示当前筛选、无数据原因和可执行下一步；不得使用无上下文的空白表格,读：app.build.manage；写：app.build.manage,HIGH,admin_page_adm_build_007_operation,R29,FROZEN_OPERATIONAL_V1.2.2
ADM-AUTH-001,后台登录,后台认证,/auth/login,ADM-AUTH,不适用,createdAt:desc,名称/标识;状态;更新时间;版本;操作,ID/名称;状态;主金额（财务页）;操作,createdAt;updatedAt;status;amountCent（存在时）；仅允许后端白名单,无默认批量业务写操作；除非页面规格明确，不得因表格组件能力自行增加,后台登录,概览;业务数据;状态历史;关联对象;操作审计,名称/标识;状态;更新时间;版本;操作,仅具备 export.create 权限可导出；异步任务、字段白名单、默认脱敏、用途必填、下载审计,手机号/身份证/支付账号/IP/设备指纹/SecretRef默认脱敏；查看原文需字段权限、会话升级、目的说明和访问审计,普通保存按页面权限；涉及资金、秘密、生产发布、永久处罚或高风险导出时自动升级为双人审批,不可逆或高影响操作展示目标、影响范围、原因、审批单、服务端version；确认文案不得使用含糊的“确定”,更新当前行/详情、状态计数和待办；显示操作结果、requestId和审计入口；禁止仅Toast不更新数据,字段错误就地提示；409重新加载差异；422保留输入；权限变化立即收回入口；首屏/翻页采用不同错误态,展示当前筛选、无数据原因和可执行下一步；不得使用无上下文的空白表格,读：public；写：admin.auth.login,HIGH,admin_page_adm_auth_001_operation,R01,FROZEN_OPERATIONAL_V1.2.2
ADM-AUTH-002,二次验证,后台认证,/auth/mfa,ADM-AUTH,不适用,createdAt:desc,名称/标识;状态;更新时间;版本;操作,ID/名称;状态;主金额（财务页）;操作,createdAt;updatedAt;status;amountCent（存在时）；仅允许后端白名单,无默认批量业务写操作；除非页面规格明确，不得因表格组件能力自行增加,二次验证,概览;业务数据;状态历史;关联对象;操作审计,名称/标识;状态;更新时间;版本;操作,仅具备 export.create 权限可导出；异步任务、字段白名单、默认脱敏、用途必填、下载审计,手机号/身份证/支付账号/IP/设备指纹/SecretRef默认脱敏；查看原文需字段权限、会话升级、目的说明和访问审计,普通保存按页面权限；涉及资金、秘密、生产发布、永久处罚或高风险导出时自动升级为双人审批,不可逆或高影响操作展示目标、影响范围、原因、审批单、服务端version；确认文案不得使用含糊的“确定”,更新当前行/详情、状态计数和待办；显示操作结果、requestId和审计入口；禁止仅Toast不更新数据,字段错误就地提示；409重新加载差异；422保留输入；权限变化立即收回入口；首屏/翻页采用不同错误态,展示当前筛选、无数据原因和可执行下一步；不得使用无上下文的空白表格,读：admin.auth.pending；写：admin.auth.mfa,HIGH,admin_page_adm_auth_002_operation,R01,FROZEN_OPERATIONAL_V1.2.2
ADM-REPORT-001,内容举报处理,治理,/governance/content-reports,ADM-REVIEW,关键词;状态;创建时间范围,"priority:desc,createdAt:asc",名称/标识;状态;更新时间;版本;操作,ID/名称;状态;主金额（财务页）;操作,createdAt;updatedAt;status;amountCent（存在时）；仅允许后端白名单,批量分配（仅未领取项）;批量标记优先级（不允许批量作出最终决定）,处理举报,概览;业务数据;状态历史;关联对象;操作审计,名称/标识;状态;更新时间;版本;操作,仅具备 export.create 权限可导出；异步任务、字段白名单、默认脱敏、用途必填、下载审计,手机号/身份证/支付账号/IP/设备指纹/SecretRef默认脱敏；查看原文需字段权限、会话升级、目的说明和访问审计,普通保存按页面权限；涉及资金、秘密、生产发布、永久处罚或高风险导出时自动升级为双人审批,不可逆或高影响操作展示目标、影响范围、原因、审批单、服务端version；确认文案不得使用含糊的“确定”,更新当前行/详情、状态计数和待办；显示操作结果、requestId和审计入口；禁止仅Toast不更新数据,字段错误就地提示；409重新加载差异；422保留输入；权限变化立即收回入口；首屏/翻页采用不同错误态,展示当前筛选、无数据原因和可执行下一步；不得使用无上下文的空白表格,读：report.read；写：report.decide,HIGH,admin_page_adm_report_001_operation,R15,FROZEN_OPERATIONAL_V1.2.2
ADM-APPEAL-001,申诉处理,治理,/governance/appeals,ADM-REVIEW,关键词;状态;创建时间范围,"priority:desc,createdAt:asc",名称/标识;状态;更新时间;版本;操作,ID/名称;状态;主金额（财务页）;操作,createdAt;updatedAt;status;amountCent（存在时）；仅允许后端白名单,批量分配（仅未领取项）;批量标记优先级（不允许批量作出最终决定）,处理申诉,概览;业务数据;状态历史;关联对象;操作审计,名称/标识;状态;更新时间;版本;操作,仅具备 export.create 权限可导出；异步任务、字段白名单、默认脱敏、用途必填、下载审计,手机号/身份证/支付账号/IP/设备指纹/SecretRef默认脱敏；查看原文需字段权限、会话升级、目的说明和访问审计,普通保存按页面权限；涉及资金、秘密、生产发布、永久处罚或高风险导出时自动升级为双人审批,不可逆或高影响操作展示目标、影响范围、原因、审批单、服务端version；确认文案不得使用含糊的“确定”,更新当前行/详情、状态计数和待办；显示操作结果、requestId和审计入口；禁止仅Toast不更新数据,字段错误就地提示；409重新加载差异；422保留输入；权限变化立即收回入口；首屏/翻页采用不同错误态,展示当前筛选、无数据原因和可执行下一步；不得使用无上下文的空白表格,读：appeal.read；写：appeal.decide,HIGH,admin_page_adm_appeal_001_operation,R15,FROZEN_OPERATIONAL_V1.2.2
ADM-SUPPORT-002,工单详情,客服,/support/tickets/:id,ADM-DETAIL,不适用,"priority:desc,createdAt:asc",名称/标识;状态;更新时间;版本;操作,ID/名称;状态;主金额（财务页）;操作,createdAt;updatedAt;status;amountCent（存在时）；仅允许后端白名单,批量分配（仅未领取项）;批量标记优先级（不允许批量作出最终决定）,分配客服;客服回复;关闭工单,用户会话;附件;内部备注;分配记录;状态历史;关联业务,名称/标识;状态;更新时间;版本;操作,仅具备 export.create 权限可导出；异步任务、字段白名单、默认脱敏、用途必填、下载审计,手机号/身份证/支付账号/IP/设备指纹/SecretRef默认脱敏；查看原文需字段权限、会话升级、目的说明和访问审计,普通保存按页面权限；涉及资金、秘密、生产发布、永久处罚或高风险导出时自动升级为双人审批,不可逆或高影响操作展示目标、影响范围、原因、审批单、服务端version；确认文案不得使用含糊的“确定”,更新当前行/详情、状态计数和待办；显示操作结果、requestId和审计入口；禁止仅Toast不更新数据,字段错误就地提示；409重新加载差异；422保留输入；权限变化立即收回入口；首屏/翻页采用不同错误态,展示当前筛选、无数据原因和可执行下一步；不得使用无上下文的空白表格,读：support.read；写：support.manage,HIGH,admin_page_adm_support_002_operation,R15,FROZEN_OPERATIONAL_V1.2.2
ADM-APPROVAL-001,双人审批中心,系统,/system/approvals,ADM-APPROVAL,页码;每页数量;游标;状态;关键词;排序,createdAt:desc,ID;approval Type;resource Type;resource Id;requester Id;reviewer Id;状态;原因;创建时间;decided At;版本,ID/名称;状态;主金额（财务页）;操作,createdAt;updatedAt;status;amountCent（存在时）；仅允许后端白名单,无默认批量业务写操作；除非页面规格明确，不得因表格组件能力自行增加,同意/拒绝,概览;业务数据;状态历史;关联对象;操作审计,ID;approval Type;resource Type;resource Id;requester Id;reviewer Id;状态;原因;创建时间;decided At;版本,默认禁止直接同步导出；通过数据导出中心创建任务，字段最小化、强脱敏、双人审批、一次性下载令牌、24小时内过期并记录下载审计,手机号/身份证/支付账号/IP/设备指纹/SecretRef默认脱敏；查看原文需字段权限、会话升级、目的说明和访问审计,普通保存按页面权限；涉及资金、秘密、生产发布、永久处罚或高风险导出时自动升级为双人审批,不可逆或高影响操作展示目标、影响范围、原因、审批单、服务端version；确认文案不得使用含糊的“确定”,更新当前行/详情、状态计数和待办；显示操作结果、requestId和审计入口；禁止仅Toast不更新数据,字段错误就地提示；409重新加载差异；422保留输入；权限变化立即收回入口；首屏/翻页采用不同错误态,展示当前筛选、无数据原因和可执行下一步；不得使用无上下文的空白表格,读：approval.read；写：approval.decide,CRITICAL,admin_page_adm_approval_001_operation,R30,FROZEN_OPERATIONAL_V1.2.2
ADM-ACCOUNTING-001,统一会计交易,财务,/finance/accounting/transactions,ADM-FINANCE,页码;每页数量;关键词;状态;排序;开始时间;结束时间;业务类型;业务ID;账户代码;交易ID;借贷方向,createdAt:desc,ID;交易号;业务类型;业务ID;业务幂等键;状态;币种;借方合计;贷方合计;会计分录;reversal Of Transaction Id;创建时间;posted At;版本,ID/名称;状态;主金额（财务页）;操作,createdAt;updatedAt;status;amountCent（存在时）；仅允许后端白名单,无批量写操作,查看详情,交易头;借方分录;贷方分录;业务凭证;关联对象;冲正与审批;审计,ID;交易号;业务类型;业务ID;业务幂等键;状态;币种;借方合计;贷方合计;会计分录;reversal Of Transaction Id;创建时间;posted At;版本,默认禁止直接同步导出；通过数据导出中心创建任务，字段最小化、强脱敏、双人审批、一次性下载令牌、24小时内过期并记录下载审计,手机号/身份证/支付账号/IP/设备指纹/SecretRef默认脱敏；查看原文需字段权限、会话升级、目的说明和访问审计,普通保存按页面权限；涉及资金、秘密、生产发布、永久处罚或高风险导出时自动升级为双人审批,不可逆或高影响操作展示目标、影响范围、原因、审批单、服务端version；确认文案不得使用含糊的“确定”,更新当前行/详情、状态计数和待办；显示操作结果、requestId和审计入口；禁止仅Toast不更新数据,字段错误就地提示；409重新加载差异；422保留输入；权限变化立即收回入口；首屏/翻页采用不同错误态,展示当前筛选、无数据原因和可执行下一步；不得使用无上下文的空白表格,读：accounting.read；写：accounting.reversal.request,CRITICAL,admin_page_adm_accounting_001_operation,R24,FROZEN_OPERATIONAL_V1.2.2
ADM-ACCOUNTING-002,会计交易详情与冲正,财务,/finance/accounting/transactions/:id,ADM-FINANCE,关键词;状态;创建时间范围,createdAt:desc,ID;交易号;业务类型;业务ID;业务幂等键;状态;币种;借方合计;贷方合计;会计分录;reversal Of Transaction Id;创建时间;posted At;版本,ID/名称;状态;主金额（财务页）;操作,createdAt;updatedAt;status;amountCent（存在时）；仅允许后端白名单,无默认批量业务写操作；除非页面规格明确，不得因表格组件能力自行增加,申请会计冲正,交易头;借方分录;贷方分录;业务凭证;关联对象;冲正与审批;审计,ID;交易号;业务类型;业务ID;业务幂等键;状态;币种;借方合计;贷方合计;会计分录;reversal Of Transaction Id;创建时间;posted At;版本,默认禁止直接同步导出；通过数据导出中心创建任务，字段最小化、强脱敏、双人审批、一次性下载令牌、24小时内过期并记录下载审计,手机号/身份证/支付账号/IP/设备指纹/SecretRef默认脱敏；查看原文需字段权限、会话升级、目的说明和访问审计,以下操作必须绑定双人审批：申请会计冲正,不可逆或高影响操作展示目标、影响范围、原因、审批单、服务端version；确认文案不得使用含糊的“确定”,更新当前行/详情、状态计数和待办；显示操作结果、requestId和审计入口；禁止仅Toast不更新数据,字段错误就地提示；409重新加载差异；422保留输入；权限变化立即收回入口；首屏/翻页采用不同错误态,展示当前筛选、无数据原因和可执行下一步；不得使用无上下文的空白表格,读：accounting.read；写：accounting.reversal.request,CRITICAL,admin_page_adm_accounting_002_operation,R24,FROZEN_OPERATIONAL_V1.2.2
ADM-RISK-003,风控规则版本,风控,/governance/risk/rules,ADM-CONFIG,页码;每页数量;关键词;状态;排序;规则集代码,updatedAt:desc,ID;规则集代码;版本号;状态;名称;详细说明;规则定义;测试摘要;生效时间;created By;创建时间;版本,ID/名称;状态;主金额（财务页）;操作,createdAt;updatedAt;status;amountCent（存在时）；仅允许后端白名单,无默认批量业务写操作；除非页面规格明确，不得因表格组件能力自行增加,创建风控规则版本;激活风控规则版本,概览;业务数据;状态历史;关联对象;操作审计,ID;规则集代码;版本号;状态;名称;详细说明;规则定义;测试摘要;生效时间;created By;创建时间;版本,默认禁止直接同步导出；通过数据导出中心创建任务，字段最小化、强脱敏、双人审批、一次性下载令牌、24小时内过期并记录下载审计,手机号/身份证/支付账号/IP/设备指纹/SecretRef默认脱敏；查看原文需字段权限、会话升级、目的说明和访问审计,以下操作必须绑定双人审批：激活风控规则版本,不可逆或高影响操作展示目标、影响范围、原因、审批单、服务端version；确认文案不得使用含糊的“确定”,更新当前行/详情、状态计数和待办；显示操作结果、requestId和审计入口；禁止仅Toast不更新数据,字段错误就地提示；409重新加载差异；422保留输入；权限变化立即收回入口；首屏/翻页采用不同错误态,展示当前筛选、无数据原因和可执行下一步；不得使用无上下文的空白表格,读：risk.rule.read；写：risk.rule.manage,CRITICAL,admin_page_adm_risk_003_operation,R31,FROZEN_OPERATIONAL_V1.2.2
ADM-RISK-004,风控规则模拟器,风控,/governance/risk/simulator,ADM-LIST,关键词;状态;创建时间范围,updatedAt:desc,名称/标识;状态;更新时间;版本;操作,ID/名称;状态;主金额（财务页）;操作,createdAt;updatedAt;status;amountCent（存在时）；仅允许后端白名单,无默认批量业务写操作；除非页面规格明确，不得因表格组件能力自行增加,模拟风控规则,概览;业务数据;状态历史;关联对象;操作审计,名称/标识;状态;更新时间;版本;操作,仅具备 export.create 权限可导出；异步任务、字段白名单、默认脱敏、用途必填、下载审计,手机号/身份证/支付账号/IP/设备指纹/SecretRef默认脱敏；查看原文需字段权限、会话升级、目的说明和访问审计,普通保存按页面权限；涉及资金、秘密、生产发布、永久处罚或高风险导出时自动升级为双人审批,不可逆或高影响操作展示目标、影响范围、原因、审批单、服务端version；确认文案不得使用含糊的“确定”,更新当前行/详情、状态计数和待办；显示操作结果、requestId和审计入口；禁止仅Toast不更新数据,字段错误就地提示；409重新加载差异；422保留输入；权限变化立即收回入口；首屏/翻页采用不同错误态,展示当前筛选、无数据原因和可执行下一步；不得使用无上下文的空白表格,读：risk.rule.simulate；写：risk.rule.simulate,HIGH,admin_page_adm_risk_004_operation,R31,FROZEN_OPERATIONAL_V1.2.2
ADM-NOTIFY-001,通知模板,运营,/operations/notifications/templates,ADM-CONFIG,页码;每页数量;关键词;状态;排序;渠道;模板代码,updatedAt:desc,ID;模板代码;渠道;语言;版本号;状态;标题模板;正文模板;允许变量;示例变量;生效时间;版本,ID/名称;状态;主金额（财务页）;操作,createdAt;updatedAt;status;amountCent（存在时）；仅允许后端白名单,无默认批量业务写操作；除非页面规格明确，不得因表格组件能力自行增加,创建通知模板版本;修改通知模板草稿,概览;业务数据;状态历史;关联对象;操作审计,ID;模板代码;渠道;语言;版本号;状态;标题模板;正文模板;允许变量;示例变量;生效时间;版本,仅具备 export.create 权限可导出；异步任务、字段白名单、默认脱敏、用途必填、下载审计,手机号/身份证/支付账号/IP/设备指纹/SecretRef默认脱敏；查看原文需字段权限、会话升级、目的说明和访问审计,普通保存按页面权限；涉及资金、秘密、生产发布、永久处罚或高风险导出时自动升级为双人审批,不可逆或高影响操作展示目标、影响范围、原因、审批单、服务端version；确认文案不得使用含糊的“确定”,更新当前行/详情、状态计数和待办；显示操作结果、requestId和审计入口；禁止仅Toast不更新数据,字段错误就地提示；409重新加载差异；422保留输入；权限变化立即收回入口；首屏/翻页采用不同错误态,展示当前筛选、无数据原因和可执行下一步；不得使用无上下文的空白表格,读：notification.template.read；写：notification.template.manage,HIGH,admin_page_adm_notify_001_operation,R30,FROZEN_OPERATIONAL_V1.2.2
ADM-NOTIFY-002,通知发送记录,运营,/operations/notifications/deliveries,ADM-LIST,页码;每页数量;关键词;状态;排序;开始时间;结束时间;渠道;模板代码;业务类型,createdAt:desc,ID;模板代码;template Version;渠道;脱敏接收人;业务类型;业务ID;状态;尝试次数;失败代码;失败原因;创建时间;sent At,ID/名称;状态;主金额（财务页）;操作,createdAt;updatedAt;status;amountCent（存在时）；仅允许后端白名单,批量重试仅限同模板同失败码且需限制数量,重试失败通知,概览;业务数据;状态历史;关联对象;操作审计,ID;模板代码;template Version;渠道;脱敏接收人;业务类型;业务ID;状态;尝试次数;失败代码;失败原因;创建时间;sent At,仅具备 export.create 权限可导出；异步任务、字段白名单、默认脱敏、用途必填、下载审计,手机号/身份证/支付账号/IP/设备指纹/SecretRef默认脱敏；查看原文需字段权限、会话升级、目的说明和访问审计,普通保存按页面权限；涉及资金、秘密、生产发布、永久处罚或高风险导出时自动升级为双人审批,不可逆或高影响操作展示目标、影响范围、原因、审批单、服务端version；确认文案不得使用含糊的“确定”,更新当前行/详情、状态计数和待办；显示操作结果、requestId和审计入口；禁止仅Toast不更新数据,字段错误就地提示；409重新加载差异；422保留输入；权限变化立即收回入口；首屏/翻页采用不同错误态,展示当前筛选、无数据原因和可执行下一步；不得使用无上下文的空白表格,读：notification.delivery.read；写：notification.delivery.retry,HIGH,admin_page_adm_notify_002_operation,R30,FROZEN_OPERATIONAL_V1.2.2
ADM-EXPORT-001,数据导出中心,系统,/system/exports,ADM-SECURITY,页码;每页数量;关键词;状态;排序;开始时间;结束时间;导出类型,createdAt:desc,ID;任务编号;导出类型;状态;筛选快照;导出字段;脱敏策略;最大行数;审批单;文件大小;过期时间;created By;创建时间;完成时间,ID/名称;状态;主金额（财务页）;操作,createdAt;updatedAt;status;amountCent（存在时）；仅允许后端白名单,批量清理已过期任务,创建导出任务;创建一次性下载令牌,概览;业务数据;状态历史;关联对象;操作审计,ID;任务编号;导出类型;状态;筛选快照;导出字段;脱敏策略;最大行数;审批单;文件大小;过期时间;created By;创建时间;完成时间,默认禁止直接同步导出；通过数据导出中心创建任务，字段最小化、强脱敏、双人审批、一次性下载令牌、24小时内过期并记录下载审计,手机号/身份证/支付账号/IP/设备指纹/SecretRef默认脱敏；查看原文需字段权限、会话升级、目的说明和访问审计,普通保存按页面权限；涉及资金、秘密、生产发布、永久处罚或高风险导出时自动升级为双人审批,不可逆或高影响操作展示目标、影响范围、原因、审批单、服务端version；确认文案不得使用含糊的“确定”,更新当前行/详情、状态计数和待办；显示操作结果、requestId和审计入口；禁止仅Toast不更新数据,字段错误就地提示；409重新加载差异；422保留输入；权限变化立即收回入口；首屏/翻页采用不同错误态,展示当前筛选、无数据原因和可执行下一步；不得使用无上下文的空白表格,读：export.read；写：export.create,CRITICAL,admin_page_adm_export_001_operation,R30,FROZEN_OPERATIONAL_V1.2.2
ADM-SECURITY-001,管理员安全设置,个人安全,/me/security,ADM-SECURITY,关键词;状态;创建时间范围,createdAt:desc,admin Id;管理员账号;MFA状态;MFA方式;活跃会话数;上次修改密码;上次登录时间;上次登录IP;剩余恢复码,ID/名称;状态;主金额（财务页）;操作,createdAt;updatedAt;status;amountCent（存在时）；仅允许后端白名单,无默认批量业务写操作；除非页面规格明确，不得因表格组件能力自行增加,退出;修改管理员密码;开始绑定MFA;确认绑定MFA;解绑MFA,概览;业务数据;状态历史;关联对象;操作审计,admin Id;管理员账号;MFA状态;MFA方式;活跃会话数;上次修改密码;上次登录时间;上次登录IP;剩余恢复码,默认禁止直接同步导出；通过数据导出中心创建任务，字段最小化、强脱敏、双人审批、一次性下载令牌、24小时内过期并记录下载审计,手机号/身份证/支付账号/IP/设备指纹/SecretRef默认脱敏；查看原文需字段权限、会话升级、目的说明和访问审计,普通保存按页面权限；涉及资金、秘密、生产发布、永久处罚或高风险导出时自动升级为双人审批,不可逆或高影响操作展示目标、影响范围、原因、审批单、服务端version；确认文案不得使用含糊的“确定”,更新当前行/详情、状态计数和待办；显示操作结果、requestId和审计入口；禁止仅Toast不更新数据,字段错误就地提示；409重新加载差异；422保留输入；权限变化立即收回入口；首屏/翻页采用不同错误态,展示当前筛选、无数据原因和可执行下一步；不得使用无上下文的空白表格,读：admin.self.read；写：admin.self.security,CRITICAL,admin_page_adm_security_001_operation,R01,FROZEN_OPERATIONAL_V1.2.2
