operationId,平台,方法,路径,用途,所有者类型,UI_ID,责任模块,计划版本,权限,说明,状态
authPostAuthSecurityChallenges,CLIENT,POST,/api/v1/auth/security-challenges,创建图形/行为安全挑战,PAGE_ACTION,H5-013;SCR-AUTH-001;SCR-AUTH-002;SCR-AUTH-003;SCR-AUTH-004,Auth,R02,公开,由页面详细动作规格实现；共享组件允许多页面复用,FROZEN
authPostAuthPasswordLogin,CLIENT,POST,/api/v1/auth/password/login,手机号+密码+安全验证登录,PAGE_ACTION,SCR-AUTH-001,Auth,R02,公开,由页面详细动作规格实现；共享组件允许多页面复用,FROZEN
authPostAuthSmsSend,CLIENT,POST,/api/v1/auth/sms/send,阿里云短信验证码：LOGIN/REGISTER/RESET_PASSWORD,PAGE_ACTION,H5-013;SCR-AUTH-002;SCR-AUTH-003;SCR-AUTH-004,Auth,R02,公开+安全挑战,由页面详细动作规格实现；共享组件允许多页面复用,FROZEN
authPostAuthSmsLogin,CLIENT,POST,/api/v1/auth/sms/login,已注册手机号短信验证码登录,PAGE_ACTION,SCR-AUTH-002,Auth,R02,公开,由页面详细动作规格实现；共享组件允许多页面复用,FROZEN
authPostAuthInviteCodesValidate,CLIENT,POST,/api/v1/auth/invite-codes/validate,校验邀请码和注册必填规则,PAGE_ACTION,SCR-AUTH-003,Auth,R02,公开,由页面详细动作规格实现；共享组件允许多页面复用,FROZEN
authGetAuthRegistrationConfig,CLIENT,GET,/api/v1/auth/registration-config,读取当前注册协议版本配置,PAGE_ACTION,SCR-AUTH-003,Auth,R02,公开,由页面详细动作规格实现；共享组件允许多页面复用,FROZEN
authPostAuthRegister,CLIENT,POST,/api/v1/auth/register,密码注册、短信校验、邀请码绑定、随机用户名,PAGE_ACTION,H5-013;SCR-AUTH-003,Auth,R02,公开,由页面详细动作规格实现；共享组件允许多页面复用,FROZEN
authPostAuthPasswordReset,CLIENT,POST,/api/v1/auth/password/reset,短信校验后重置密码,PAGE_ACTION,SCR-AUTH-004,Auth,R02,公开,由页面详细动作规格实现；共享组件允许多页面复用,FROZEN
authPostMeSecurityPasswordChange,CLIENT,POST,/api/v1/me/security/password/change,修改登录密码,PAGE_ACTION,SCR-AUTH-007,Auth,R02,登录,由页面详细动作规格实现；共享组件允许多页面复用,FROZEN
authPostAuthRefresh,CLIENT,POST,/api/v1/auth/refresh,刷新Token,PAGE_ACTION,SCR-APP-001,Auth,R02,RefreshToken,由页面详细动作规格实现；共享组件允许多页面复用,FROZEN
authPostAuthLogout,CLIENT,POST,/api/v1/auth/logout,退出当前会话,PAGE_ACTION,SCR-SET-001,Auth,R02,登录,由页面详细动作规格实现；共享组件允许多页面复用,FROZEN
authGetAuthSessions,CLIENT,GET,/api/v1/auth/sessions,登录设备列表,PAGE_ACTION,SCR-AUTH-006,Auth,R02,登录,由页面详细动作规格实现；共享组件允许多页面复用,FROZEN
authDeleteAuthSessionsById,CLIENT,DELETE,/api/v1/auth/sessions/{id},下线设备,PAGE_ACTION,SCR-AUTH-006,Auth,R02,登录,由页面详细动作规格实现；共享组件允许多页面复用,FROZEN
userGetMe,CLIENT,GET,/api/v1/me,当前用户资料,PAGE_ACTION,SCR-AUTH-005;SCR-ID-001;SCR-ME-001;SCR-ME-002;SCR-PUB-001,User,R02/R07/R12,登录,由页面详细动作规格实现；共享组件允许多页面复用,FROZEN
userPatchMeProfile,CLIENT,PATCH,/api/v1/me/profile,修改头像昵称简介,PAGE_ACTION,SCR-ME-002;SCR-SET-001,User,R02/R07/R12,登录,由页面详细动作规格实现；共享组件允许多页面复用,FROZEN
userGetPublishersById,CLIENT,GET,/api/v1/publishers/{id},发布者公开主页,PAGE_ACTION,SCR-PUBLISHER-001,User,R02/R07/R12,登录,由页面详细动作规格实现；共享组件允许多页面复用,FROZEN
userPostMeCancellation,CLIENT,POST,/api/v1/me/cancellation,申请注销,PAGE_ACTION,SCR-AUTH-008,User,R02/R07/R12,登录,由页面详细动作规格实现；共享组件允许多页面复用,FROZEN
identityPostIdentitySessions,CLIENT,POST,/api/v1/identity/sessions,创建实名会话,PAGE_ACTION,SCR-ID-001;SCR-ID-002,Identity,R05,登录,由页面详细动作规格实现；共享组件允许多页面复用,FROZEN
identityPostIdentitySessionsByIdLivenessToken,CLIENT,POST,/api/v1/identity/sessions/{id}/liveness-token,获取活体H5,PAGE_ACTION,SCR-ID-003,Identity,R05,登录,由页面详细动作规格实现；共享组件允许多页面复用,FROZEN
identityGetIdentitySessionsById,CLIENT,GET,/api/v1/identity/sessions/{id},查询实名状态,PAGE_ACTION,H5-012;SCR-ID-003;SCR-ID-004,Identity,R05,登录,由页面详细动作规格实现；共享组件允许多页面复用,FROZEN
identityPostIdentitySessionsByIdRetry,CLIENT,POST,/api/v1/identity/sessions/{id}/retry,重新认证,PAGE_ACTION,SCR-ID-004,Identity,R05,登录,由页面详细动作规格实现；共享组件允许多页面复用,FROZEN
publicPostIdentityCallbackConsume,CLIENT,POST,/public-api/v1/identity/callback/consume,消费一次性活体回跳,PAGE_ACTION,H5-012,Public,R05,公开,仅消费一次性state并返回最小业务状态；不得展示state或技术字段,FROZEN
mediaPostMediaUploadSessions,CLIENT,POST,/api/v1/media/upload-sessions,创建上传会话,PAGE_ACTION,SHEET-MEDIA-001,Media,R04,登录,由页面详细动作规格实现；共享组件允许多页面复用,FROZEN
mediaPostMediaUploadSessionsByIdComplete,CLIENT,POST,/api/v1/media/upload-sessions/{id}/complete,完成上传,PAGE_ACTION,SHEET-MEDIA-001,Media,R04,登录,由页面详细动作规格实现；共享组件允许多页面复用,FROZEN
mediaDeleteMediaById,CLIENT,DELETE,/api/v1/media/{id},删除未绑定媒体,PAGE_ACTION,SHEET-MEDIA-001,Media,R04,登录,由页面详细动作规格实现；共享组件允许多页面复用,FROZEN
homeGetHome,CLIENT,GET,/api/v1/home,首页聚合,PAGE_ACTION,SCR-HOME-001,Home,R06,登录,由页面详细动作规格实现；共享组件允许多页面复用,FROZEN
searchGetSearch,CLIENT,GET,/api/v1/search,全局搜索,PAGE_ACTION,SCR-SEARCH-001;SCR-SEARCH-002,Search,R07,登录,由页面详细动作规格实现；共享组件允许多页面复用,FROZEN
searchGetSearchHot,CLIENT,GET,/api/v1/search/hot,热搜,PAGE_ACTION,SCR-SEARCH-001,Search,R07,登录,由页面详细动作规格实现；共享组件允许多页面复用,FROZEN
searchGetSearchHistory,CLIENT,GET,/api/v1/search/history,搜索历史,PAGE_ACTION,SCR-SEARCH-001,Search,R07,登录,由页面详细动作规格实现；共享组件允许多页面复用,FROZEN
searchDeleteSearchHistory,CLIENT,DELETE,/api/v1/search/history,清空历史,PAGE_ACTION,DIALOG-SEARCH-001,Search,R07,登录,由页面详细动作规格实现；共享组件允许多页面复用,FROZEN
contentGetContents,CLIENT,GET,/api/v1/contents,统一内容列表,PAGE_ACTION,SCR-LIST-001;SCR-LIST-002;SCR-LIST-003;SCR-LIST-004;SCR-PUBLISHER-001,Content,R06/R08/R09/R10/R11,登录,由页面详细动作规格实现；共享组件允许多页面复用,FROZEN
contentPostContents,CLIENT,POST,/api/v1/contents,创建内容/草稿,PAGE_ACTION,SCR-PUB-002;SCR-PUB-003;SCR-PUB-004;SCR-PUB-005,Content,R08/R09/R10/R11/R12,登录+实名,由页面详细动作规格实现；共享组件允许多页面复用,FROZEN
contentGetContentsById,CLIENT,GET,/api/v1/contents/{id},内容详情,PAGE_ACTION,SCR-DETAIL-001;SCR-DETAIL-002;SCR-DETAIL-003;SCR-DETAIL-004;SCR-MYC-003;SCR-PUB-006,Content,R06/R08/R09/R10/R11,登录,由页面详细动作规格实现；共享组件允许多页面复用,FROZEN
contentPatchContentsById,CLIENT,PATCH,/api/v1/contents/{id},编辑内容,PAGE_ACTION,SCR-PUB-002;SCR-PUB-003;SCR-PUB-004;SCR-PUB-005,Content,R08/R09/R10/R11/R12,登录+实名+所有者,由页面详细动作规格实现；共享组件允许多页面复用,FROZEN
contentDeleteContentsById,CLIENT,DELETE,/api/v1/contents/{id},删除内容,PAGE_ACTION,SCR-MYC-002,Content,R08/R09/R10/R11/R12,登录+所有者,由页面详细动作规格实现；共享组件允许多页面复用,FROZEN
contentPostContentsByIdSubmit,CLIENT,POST,/api/v1/contents/{id}/submit,提交审核,PAGE_ACTION,SCR-PUB-007,Content,R08/R09/R10/R11/R12,登录+实名+所有者,由页面详细动作规格实现；共享组件允许多页面复用,FROZEN
contentPostContentsByIdOnline,CLIENT,POST,/api/v1/contents/{id}/online,上架,PAGE_ACTION,SCR-MYC-001,Content,R08/R09/R10/R11/R12,登录+实名+所有者,由页面详细动作规格实现；共享组件允许多页面复用,FROZEN
contentPostContentsByIdOffline,CLIENT,POST,/api/v1/contents/{id}/offline,下架,PAGE_ACTION,SCR-MYC-001,Content,R08/R09/R10/R11/R12,登录+所有者,由页面详细动作规格实现；共享组件允许多页面复用,FROZEN
contentPostContentsByIdCopy,CLIENT,POST,/api/v1/contents/{id}/copy,复制为草稿,PAGE_ACTION,SCR-MYC-003,Content,R08/R09/R10/R11/R12,登录+实名+所有者,由页面详细动作规格实现；共享组件允许多页面复用,FROZEN
contentGetMeContents,CLIENT,GET,/api/v1/me/contents,我的发布,PAGE_ACTION,SCR-MYC-001;SCR-PUB-001,Content,R12,登录,由页面详细动作规格实现；共享组件允许多页面复用,FROZEN
contentGetMeDrafts,CLIENT,GET,/api/v1/me/drafts,草稿列表,PAGE_ACTION,SCR-MYC-002,Content,R12,登录,由页面详细动作规格实现；共享组件允许多页面复用,FROZEN
contentGetContentsByIdReviews,CLIENT,GET,/api/v1/contents/{id}/reviews,审核记录,PAGE_ACTION,SCR-MYC-004,Content,R12,登录+所有者,由页面详细动作规格实现；共享组件允许多页面复用,FROZEN
contentGetContentsByIdAnalytics,CLIENT,GET,/api/v1/contents/{id}/analytics,内容数据,PAGE_ACTION,SCR-MYC-003;SCR-MYC-005,Content,R12/R23,登录+所有者,由页面详细动作规格实现；共享组件允许多页面复用,FROZEN
contentPostContentsByIdFavorite,CLIENT,POST,/api/v1/contents/{id}/favorite,收藏,PAGE_ACTION,SCR-DETAIL-001;SCR-DETAIL-002;SCR-DETAIL-003;SCR-DETAIL-004,Content,R13,登录,由页面详细动作规格实现；共享组件允许多页面复用,FROZEN
contentDeleteContentsByIdFavorite,CLIENT,DELETE,/api/v1/contents/{id}/favorite,取消收藏,PAGE_ACTION,SCR-FAV-001,Content,R13,登录,由页面详细动作规格实现；共享组件允许多页面复用,FROZEN
contentGetMeFavorites,CLIENT,GET,/api/v1/me/favorites,收藏列表,PAGE_ACTION,SCR-FAV-001,Content,R13,登录,由页面详细动作规格实现；共享组件允许多页面复用,FROZEN
contentGetMeHistory,CLIENT,GET,/api/v1/me/history,浏览历史,PAGE_ACTION,SCR-HIS-001,Content,R13,登录,由页面详细动作规格实现；共享组件允许多页面复用,FROZEN
contentPostContentsByIdContactsByChannelAccess,CLIENT,POST,/api/v1/contents/{id}/contacts/{channel}/access,获取/复制联系方式,PAGE_ACTION,SCR-DETAIL-001;SCR-DETAIL-002;SCR-DETAIL-003;SCR-DETAIL-004;SHEET-CONTACT-001,Content,R07/R13,登录,由页面详细动作规格实现；共享组件允许多页面复用,FROZEN
contentPostContentsByIdReport,CLIENT,POST,/api/v1/contents/{id}/report,举报内容,PAGE_ACTION,SHEET-REPORT-001,Content,R15,登录,由页面详细动作规格实现；共享组件允许多页面复用,FROZEN
contentPostContentsByIdInvalidFeedback,CLIENT,POST,/api/v1/contents/{id}/invalid-feedback,二维码/链接失效反馈,PAGE_ACTION,SHEET-CONTENT-INVALID-001,Content,R10/R15,登录,由页面详细动作规格实现；共享组件允许多页面复用,FROZEN
contentPostContentsByIdShare,CLIENT,POST,/api/v1/contents/{id}/share,记录分享并返回分享地址,PAGE_ACTION,SCR-DETAIL-001;SCR-DETAIL-002;SCR-DETAIL-003;SCR-DETAIL-004;SHEET-SHARE-001,Content,R13,登录,由页面详细动作规格实现；共享组件允许多页面复用,FROZEN
chatGetConversations,CLIENT,GET,/api/v1/conversations,会话列表,PAGE_ACTION,SCR-CHAT-001;SCR-MSG-001,Chat,R14,登录,由页面详细动作规格实现；共享组件允许多页面复用,FROZEN
chatPostConversationsDirect,CLIENT,POST,/api/v1/conversations/direct,创建/获取私聊会话,PAGE_ACTION,SCR-DETAIL-001;SCR-DETAIL-002;SCR-DETAIL-003;SCR-DETAIL-004,Chat,R14,登录,由页面详细动作规格实现；共享组件允许多页面复用,FROZEN
chatGetConversationsByIdMessages,CLIENT,GET,/api/v1/conversations/{id}/messages,消息分页,PAGE_ACTION,SCR-CHAT-002,Chat,R14,登录+成员,由页面详细动作规格实现；共享组件允许多页面复用,FROZEN
chatPostConversationsByIdMessages,CLIENT,POST,/api/v1/conversations/{id}/messages,发送消息,PAGE_ACTION,SCR-CHAT-002;SHEET-CHAT-001,Chat,R14,登录+成员,由页面详细动作规格实现；共享组件允许多页面复用,FROZEN
chatPostConversationsByIdRead,CLIENT,POST,/api/v1/conversations/{id}/read,更新已读,PAGE_ACTION,SCR-CHAT-002,Chat,R14,登录+成员,由页面详细动作规格实现；共享组件允许多页面复用,FROZEN
chatDeleteConversationsById,CLIENT,DELETE,/api/v1/conversations/{id},删除会话视图,PAGE_ACTION,DIALOG-CHAT-DELETE-001,Chat,R14,登录+成员,由页面详细动作规格实现；共享组件允许多页面复用,FROZEN
chatPostUsersByIdBlock,CLIENT,POST,/api/v1/users/{id}/block,拉黑,PAGE_ACTION,DIALOG-CHAT-BLOCK-001,Chat,R14,登录,由页面详细动作规格实现；共享组件允许多页面复用,FROZEN
chatDeleteUsersByIdBlock,CLIENT,DELETE,/api/v1/users/{id}/block,取消拉黑,PAGE_ACTION,DIALOG-CHAT-BLOCK-001,Chat,R14,登录,由页面详细动作规格实现；共享组件允许多页面复用,FROZEN
chatPostConversationsByIdReport,CLIENT,POST,/api/v1/conversations/{id}/report,举报聊天,PAGE_ACTION,SHEET-CHAT-002,Chat,R14,登录+成员,由页面详细动作规格实现；共享组件允许多页面复用,FROZEN
notificationGetNotifications,CLIENT,GET,/api/v1/notifications,通知列表,PAGE_ACTION,SCR-MSG-001;SCR-NOTICE-001;SCR-NOTICE-002,Notification,R15,登录,由页面详细动作规格实现；共享组件允许多页面复用,FROZEN
notificationPostNotificationsByIdRead,CLIENT,POST,/api/v1/notifications/{id}/read,标记已读,PAGE_ACTION,SCR-NOTICE-002,Notification,R15,登录,由页面详细动作规格实现；共享组件允许多页面复用,FROZEN
notificationPostNotificationsReadAll,CLIENT,POST,/api/v1/notifications/read-all,全部已读,PAGE_ACTION,SCR-NOTICE-001,Notification,R15,登录,由页面详细动作规格实现；共享组件允许多页面复用,FROZEN
notificationGetAnnouncements,CLIENT,GET,/api/v1/announcements,公告列表,PAGE_ACTION,SCR-ANN-001;SCR-MSG-001,Notification,R15,登录,由页面详细动作规格实现；共享组件允许多页面复用,FROZEN
notificationGetAnnouncementsById,CLIENT,GET,/api/v1/announcements/{id},公告详情,PAGE_ACTION,SCR-ANN-002,Notification,R15,登录,由页面详细动作规格实现；共享组件允许多页面复用,FROZEN
membershipGetMembershipSkus,CLIENT,GET,/api/v1/membership/skus,会员SKU和权益,PAGE_ACTION,SCR-MEMBER-001;SCR-MEMBER-002,Membership,R18,登录,由页面详细动作规格实现；共享组件允许多页面复用,FROZEN
membershipGetMeMembership,CLIENT,GET,/api/v1/me/membership,当前会员,PAGE_ACTION,SCR-ME-001;SCR-MEMBER-001;SCR-MEMBER-004,Membership,R18,登录,由页面详细动作规格实现；共享组件允许多页面复用,FROZEN
membershipPostMembershipOrders,CLIENT,POST,/api/v1/membership/orders,创建会员购买订单,PAGE_ACTION,SCR-MEMBER-002,Membership,R18,登录,由页面详细动作规格实现；共享组件允许多页面复用,FROZEN
membershipPostMembershipUpgradeQuotes,CLIENT,POST,/api/v1/membership/upgrade-quotes,生成升级报价,PAGE_ACTION,SCR-MEMBER-003,Membership,R18,登录,由页面详细动作规格实现；共享组件允许多页面复用,FROZEN
membershipPostMembershipUpgradeOrders,CLIENT,POST,/api/v1/membership/upgrade-orders,创建升级订单,PAGE_ACTION,SCR-MEMBER-003,Membership,R18,登录,由页面详细动作规格实现；共享组件允许多页面复用,FROZEN
propGetPropsStore,CLIENT,GET,/api/v1/props/store,道具商城,PAGE_ACTION,SCR-PROP-001,Prop,R19,登录,由页面详细动作规格实现；共享组件允许多页面复用,FROZEN
propGetMeProps,CLIENT,GET,/api/v1/me/props,我的道具,PAGE_ACTION,SCR-PROP-002;SCR-PROP-003,Prop,R19,登录,由页面详细动作规格实现；共享组件允许多页面复用,FROZEN
propPostPropsOrders,CLIENT,POST,/api/v1/props/orders,购买道具订单,PAGE_ACTION,SCR-PROP-001,Prop,R19,登录,由页面详细动作规格实现；共享组件允许多页面复用,FROZEN
propPostMePropsByIdUse,CLIENT,POST,/api/v1/me/props/{id}/use,使用道具,PAGE_ACTION,SCR-PROP-003,Prop,R19,登录+所有者,由页面详细动作规格实现；共享组件允许多页面复用,FROZEN
redPacketGetRedPacketCampaigns,CLIENT,GET,/api/v1/red-packet-campaigns,红包聚合列表,PAGE_ACTION,SCR-RP-001,RedPacket,R20-R23,登录,由页面详细动作规格实现；共享组件允许多页面复用,FROZEN
redPacketPostRedPacketCampaigns,CLIENT,POST,/api/v1/red-packet-campaigns,创建草稿,PAGE_ACTION,SCR-RP-ADV-002,RedPacket,R20-R23,登录+实名,由页面详细动作规格实现；共享组件允许多页面复用,FROZEN
redPacketGetRedPacketCampaignsById,CLIENT,GET,/api/v1/red-packet-campaigns/{id},红包活动详情,PAGE_ACTION,SCR-RP-002;SCR-RP-ADV-003,RedPacket,R20-R23,登录,由页面详细动作规格实现；共享组件允许多页面复用,FROZEN
redPacketPatchRedPacketCampaignsById,CLIENT,PATCH,/api/v1/red-packet-campaigns/{id},编辑待审草稿,PAGE_ACTION,SCR-RP-ADV-002,RedPacket,R20-R23,登录+实名+所有者,由页面详细动作规格实现；共享组件允许多页面复用,FROZEN
redPacketPostRedPacketCampaignsByIdSubmitReview,CLIENT,POST,/api/v1/red-packet-campaigns/{id}/submit-review,提交预审核,PAGE_ACTION,SCR-RP-ADV-003,RedPacket,R20-R23,登录+实名+所有者,由页面详细动作规格实现；共享组件允许多页面复用,FROZEN
redPacketPostRedPacketCampaignsByIdQuote,CLIENT,POST,/api/v1/red-packet-campaigns/{id}/quote,创建初始报价,PAGE_ACTION,SCR-RP-ADV-004,RedPacket,R20-R23,登录+实名+所有者,由页面详细动作规格实现；共享组件允许多页面复用,FROZEN
redPacketPostRedPacketCampaignsByIdOrders,CLIENT,POST,/api/v1/red-packet-campaigns/{id}/orders,创建红包订单,PAGE_ACTION,SCR-RP-ADV-004,RedPacket,R20-R23,登录+实名+所有者,由页面详细动作规格实现；共享组件允许多页面复用,FROZEN
redPacketPostRedPacketCampaignsByIdPause,CLIENT,POST,/api/v1/red-packet-campaigns/{id}/pause,暂停,PAGE_ACTION,SCR-RP-ADV-005,RedPacket,R20-R23,登录+所有者,由页面详细动作规格实现；共享组件允许多页面复用,FROZEN
redPacketPostRedPacketCampaignsByIdResume,CLIENT,POST,/api/v1/red-packet-campaigns/{id}/resume,恢复,PAGE_ACTION,SCR-RP-ADV-005,RedPacket,R20-R23,登录+所有者,由页面详细动作规格实现；共享组件允许多页面复用,FROZEN
redPacketPostRedPacketCampaignsByIdClose,CLIENT,POST,/api/v1/red-packet-campaigns/{id}/close,关闭且不退款,PAGE_ACTION,SCR-RP-ADV-005,RedPacket,R20-R23,登录+所有者,由页面详细动作规格实现；共享组件允许多页面复用,FROZEN
redPacketPostRedPacketCampaignsByIdIncreaseQuotes,CLIENT,POST,/api/v1/red-packet-campaigns/{id}/increase-quotes,提高金额报价,PAGE_ACTION,SCR-RP-ADV-006,RedPacket,R20-R23,登录+实名+所有者,由页面详细动作规格实现；共享组件允许多页面复用,FROZEN
redPacketPostRedPacketCampaignsByIdIncreaseOrders,CLIENT,POST,/api/v1/red-packet-campaigns/{id}/increase-orders,创建加价订单,PAGE_ACTION,SCR-RP-ADV-006,RedPacket,R20-R23,登录+实名+所有者,由页面详细动作规格实现；共享组件允许多页面复用,FROZEN
redPacketGetMeRedPacketCampaigns,CLIENT,GET,/api/v1/me/red-packet-campaigns,广告主活动列表,PAGE_ACTION,SCR-RP-ADV-001,RedPacket,R20-R23,登录,由页面详细动作规格实现；共享组件允许多页面复用,FROZEN
redPacketGetMeRedPacketCampaignsByIdAnalytics,CLIENT,GET,/api/v1/me/red-packet-campaigns/{id}/analytics,活动数据,PAGE_ACTION,SCR-RP-ADV-005,RedPacket,R20-R23,登录+所有者,由页面详细动作规格实现；共享组件允许多页面复用,FROZEN
redPacketPostRedPacketCampaignsByIdViewSessions,CLIENT,POST,/api/v1/red-packet-campaigns/{id}/view-sessions,创建浏览会话并锁定名额,PAGE_ACTION,SCR-RP-002;SCR-RP-003,RedPacket,R20-R23,登录+实名,由页面详细动作规格实现；共享组件允许多页面复用,FROZEN
redPacketPostRedPacketViewSessionsByIdHeartbeat,CLIENT,POST,/api/v1/red-packet-view-sessions/{id}/heartbeat,浏览心跳,PAGE_ACTION,SCR-RP-003,RedPacket,R20-R23,登录,由页面详细动作规格实现；共享组件允许多页面复用,FROZEN
redPacketPostRedPacketViewSessionsByIdClaim,CLIENT,POST,/api/v1/red-packet-view-sessions/{id}/claim,领取红包,PAGE_ACTION,SCR-RP-003;SHEET-RP-001,RedPacket,R20-R23,登录+实名,由页面详细动作规格实现；共享组件允许多页面复用,FROZEN
redPacketPostRedPacketViewSessionsByIdCancel,CLIENT,POST,/api/v1/red-packet-view-sessions/{id}/cancel,取消/释放名额,PAGE_ACTION,SCR-RP-003,RedPacket,R20-R23,登录,由页面详细动作规格实现；共享组件允许多页面复用,FROZEN
redPacketGetMeRedPacketClaims,CLIENT,GET,/api/v1/me/red-packet-claims,我的红包记录,PAGE_ACTION,SCR-RP-004,RedPacket,R20-R23,登录,由页面详细动作规格实现；共享组件允许多页面复用,FROZEN
orderGetMeOrders,CLIENT,GET,/api/v1/me/orders,订单列表,PAGE_ACTION,SCR-ORDER-001,Order,R16,登录,由页面详细动作规格实现；共享组件允许多页面复用,FROZEN
orderGetMeOrdersByOrderno,CLIENT,GET,/api/v1/me/orders/{orderNo},订单详情,PAGE_ACTION,SCR-ORDER-002,Order,R16,登录,由页面详细动作规格实现；共享组件允许多页面复用,FROZEN
paymentGetOrdersByOrdernoCashier,CLIENT,GET,/api/v1/orders/{orderNo}/cashier,收银台数据,PAGE_ACTION,H5-008,Payment,R17,登录,由页面详细动作规格实现；共享组件允许多页面复用,FROZEN
paymentPostOrdersByOrdernoPayments,CLIENT,POST,/api/v1/orders/{orderNo}/payments,创建第三方支付,PAGE_ACTION,H5-008,Payment,R17,登录,由页面详细动作规格实现；共享组件允许多页面复用,FROZEN
paymentGetOrdersByOrdernoPaymentStatus,CLIENT,GET,/api/v1/orders/{orderNo}/payment-status,查询支付状态,PAGE_ACTION,H5-009,Payment,R17,登录,由页面详细动作规格实现；共享组件允许多页面复用,FROZEN
paymentPostPaymentByGatewayNotify,CLIENT,POST,/public-api/v1/payment/{gateway}/notify,支付异步回调,SYSTEM_CALLBACK,,Payment,R17,供应商签名,支付网关异步回调；无页面所有者，归支付适配器和回调幂等处理器,EXPLICIT_SYSTEM_OWNER
rewardGetMeRewardAccount,CLIENT,GET,/api/v1/me/reward-account,奖励账户,PAGE_ACTION,SCR-ME-001;SCR-REWARD-001;SCR-RP-004;SHEET-RP-001,Reward,R24,登录+实名,由页面详细动作规格实现；共享组件允许多页面复用,FROZEN
rewardGetMeRewardLedger,CLIENT,GET,/api/v1/me/reward-ledger,奖励流水,PAGE_ACTION,SCR-REWARD-002,Reward,R24,登录+实名,由页面详细动作规格实现；共享组件允许多页面复用,FROZEN
withdrawalGetMePayoutAccount,CLIENT,GET,/api/v1/me/payout-account,支付宝账户,PAGE_ACTION,SCR-WD-001,Withdrawal,R24,登录+实名,由页面详细动作规格实现；共享组件允许多页面复用,FROZEN
withdrawalPutMePayoutAccount,CLIENT,PUT,/api/v1/me/payout-account,绑定/修改支付宝,PAGE_ACTION,SCR-WD-001,Withdrawal,R24,登录+实名,由页面详细动作规格实现；共享组件允许多页面复用,FROZEN
withdrawalPostWithdrawalsQuote,CLIENT,POST,/api/v1/withdrawals/quote,提现手续费报价,PAGE_ACTION,SCR-WD-002,Withdrawal,R24,登录+实名,由页面详细动作规格实现；共享组件允许多页面复用,FROZEN
withdrawalPostWithdrawals,CLIENT,POST,/api/v1/withdrawals,提交提现,PAGE_ACTION,SCR-WD-002,Withdrawal,R24,登录+实名,由页面详细动作规格实现；共享组件允许多页面复用,FROZEN
withdrawalGetMeWithdrawals,CLIENT,GET,/api/v1/me/withdrawals,提现记录,PAGE_ACTION,SCR-WD-003,Withdrawal,R24,登录+实名,由页面详细动作规格实现；共享组件允许多页面复用,FROZEN
referralGetMeReferralOverview,CLIENT,GET,/api/v1/me/referral/overview,推广概览,PAGE_ACTION,SCR-REF-001,Referral,R25-R26,登录+实名,由页面详细动作规格实现；共享组件允许多页面复用,FROZEN
referralGetMeReferralInviteAssets,CLIENT,GET,/api/v1/me/referral/invite-assets,邀请链接二维码文案,PAGE_ACTION,SCR-REF-002,Referral,R25-R26,登录+实名,由页面详细动作规格实现；共享组件允许多页面复用,FROZEN
referralGetMeReferralPosters,CLIENT,GET,/api/v1/me/referral/posters,海报模板,PAGE_ACTION,SCR-REF-003,Referral,R25-R26,登录+实名,由页面详细动作规格实现；共享组件允许多页面复用,FROZEN
referralGetMeReferralDirectUsers,CLIENT,GET,/api/v1/me/referral/direct-users,直推用户和活跃进度,PAGE_ACTION,SCR-REF-004,Referral,R25-R26,登录+实名,由页面详细动作规格实现；共享组件允许多页面复用,FROZEN
referralGetMeReferralLevel2Users,CLIENT,GET,/api/v1/me/referral/level2-users,二级用户,PAGE_ACTION,SCR-REF-005,Referral,R25-R26,登录+实名,由页面详细动作规格实现；共享组件允许多页面复用,FROZEN
referralGetMeReferralCommissions,CLIENT,GET,/api/v1/me/referral/commissions,一级二级佣金,PAGE_ACTION,SCR-REF-006,Referral,R25-R26,登录+实名,由页面详细动作规格实现；共享组件允许多页面复用,FROZEN
referralGetMeReferralActivityRewards,CLIENT,GET,/api/v1/me/referral/activity-rewards,直推阶梯奖励,PAGE_ACTION,SCR-REF-007,Referral,R25-R26,登录+实名,由页面详细动作规格实现；共享组件允许多页面复用,FROZEN
taskGetTasks,CLIENT,GET,/api/v1/tasks,任务列表和进度,PAGE_ACTION,SCR-TASK-001,Task,R27,登录,由页面详细动作规格实现；共享组件允许多页面复用,FROZEN
taskPostTasksByIdClaim,CLIENT,POST,/api/v1/tasks/{id}/claim,领取任务奖励,PAGE_ACTION,SCR-TASK-001,Task,R27,登录,由页面详细动作规格实现；共享组件允许多页面复用,FROZEN
taskGetMePoints,CLIENT,GET,/api/v1/me/points,个人任务积分,PAGE_ACTION,SCR-TASK-002,Task,R27,登录,由页面详细动作规格实现；共享组件允许多页面复用,FROZEN
taskGetMePointLedger,CLIENT,GET,/api/v1/me/point-ledger,积分明细,PAGE_ACTION,SCR-TASK-002,Task,R27,登录,由页面详细动作规格实现；共享组件允许多页面复用,FROZEN
supportGetHelpArticles,CLIENT,GET,/api/v1/help/articles,帮助列表,PAGE_ACTION,SCR-SUPPORT-001,Support,R15,登录,由页面详细动作规格实现；共享组件允许多页面复用,FROZEN
supportGetHelpArticlesById,CLIENT,GET,/api/v1/help/articles/{id},帮助详情,PAGE_ACTION,SCR-SUPPORT-005,Support,R15,登录,由页面详细动作规格实现；共享组件允许多页面复用,FROZEN
supportPostSupportTickets,CLIENT,POST,/api/v1/support/tickets,创建工单,PAGE_ACTION,SCR-AUTH-005;SCR-SUPPORT-002,Support,R15,登录,由页面详细动作规格实现；共享组件允许多页面复用,FROZEN
supportGetSupportTickets,CLIENT,GET,/api/v1/support/tickets,工单列表,PAGE_ACTION,SCR-SUPPORT-003,Support,R15,登录,由页面详细动作规格实现；共享组件允许多页面复用,FROZEN
supportGetSupportTicketsById,CLIENT,GET,/api/v1/support/tickets/{id},工单详情,PAGE_ACTION,SCR-SUPPORT-004,Support,R15,登录+所有者,由页面详细动作规格实现；共享组件允许多页面复用,FROZEN
supportPostSupportTicketsByIdMessages,CLIENT,POST,/api/v1/support/tickets/{id}/messages,补充消息,PAGE_ACTION,SCR-SUPPORT-004,Support,R15,登录+所有者,由页面详细动作规格实现；共享组件允许多页面复用,FROZEN
appReleaseGetAppVersionCheck,CLIENT,GET,/api/v1/app/version-check,登录后版本检查兼容接口；新客户端优先使用公开版本检查,PAGE_ACTION,SCR-APP-001,AppRelease,P00/R02/R29,登录可选,由页面详细动作规格实现；共享组件允许多页面复用,FROZEN
publicGetHomePage,CLIENT,GET,/public-api/v1/home-page,H5宣传页配置,PAGE_ACTION,H5-001,Public,R28,公开,由页面详细动作规格实现；共享组件允许多页面复用,FROZEN
publicGetAppLatest,CLIENT,GET,/public-api/v1/app/latest,最新APK下载信息,PAGE_ACTION,H5-001;H5-002;H5-003;SCR-APP-003,Public,R28,公开,由页面详细动作规格实现；共享组件允许多页面复用,FROZEN
publicGetShareContentsById,CLIENT,GET,/public-api/v1/share/contents/{id},分享预览,PAGE_ACTION,H5-004;H5-005;H5-006;H5-007,Public,R28,公开,由页面详细动作规格实现；共享组件允许多页面复用,FROZEN
publicGetInviteByCode,CLIENT,GET,/public-api/v1/invite/{code},邀请落地数据,PAGE_ACTION,H5-003,Public,R28,公开,由页面详细动作规格实现；共享组件允许多页面复用,FROZEN
publicGetInviteByCodeRegistrationConfig,CLIENT,GET,/public-api/v1/invite/{code}/registration-config,H5注册配置、邀请码状态、协议版本,PAGE_ACTION,H5-013,Public,R28,公开,由页面详细动作规格实现；共享组件允许多页面复用,FROZEN
publicGetAgreementsByCode,CLIENT,GET,/public-api/v1/agreements/{code},协议内容,PAGE_ACTION,H5-010;SCR-ABOUT-001;SCR-REF-008,Public,R28,公开,由页面详细动作规格实现；共享组件允许多页面复用,FROZEN
publicGetPlatformStatus,CLIENT,GET,/public-api/v1/platform/status,启动维护状态、注册/发布/红包/提现总开关和服务端时间,PAGE_ACTION,SCR-APP-001;SCR-APP-002,Public,P00/R02,公开,由页面详细动作规格实现；共享组件允许多页面复用,FROZEN
appReleasePostAppVersionCheck,CLIENT,POST,/public-api/v1/app/version-check,按平台、版本号、渠道和环境返回可选/强制更新策略,PAGE_ACTION,SCR-ABOUT-001;SCR-APP-001;SCR-APP-003,AppRelease,P00/R02/R29,公开,由页面详细动作规格实现；共享组件允许多页面复用,FROZEN
publicGetHelpArticlesById,CLIENT,GET,/public-api/v1/help/articles/{id},公开帮助文章详情,PAGE_ACTION,H5-002;H5-011,Public,R15/R28,公开,由页面详细动作规格实现；共享组件允许多页面复用,FROZEN
adminAdminAuthPostAuthLogin,ADMIN,POST,/admin-api/v1/auth/login,后台登录,PAGE_ACTION,ADM-AUTH-001,AdminAuth,R01,公开,由页面详细动作规格实现；共享组件允许多页面复用,FROZEN
adminAdminAuthPostAuthMfaVerify,ADMIN,POST,/admin-api/v1/auth/mfa/verify,二次验证,PAGE_ACTION,ADM-AUTH-002,AdminAuth,R01,已登录待二次验证,由页面详细动作规格实现；共享组件允许多页面复用,FROZEN
adminAdminAuthPostAuthLogout,ADMIN,POST,/admin-api/v1/auth/logout,退出,PAGE_ACTION,ADM-SECURITY-001,AdminAuth,R01,后台登录,由页面详细动作规格实现；共享组件允许多页面复用,FROZEN
adminDashboardGetDashboardSummary,ADMIN,GET,/admin-api/v1/dashboard/summary,总览指标,PAGE_ACTION,ADM-DASH-001,Dashboard,R30,dashboard.read,由页面详细动作规格实现；共享组件允许多页面复用,FROZEN
adminDashboardGetDashboardTodos,ADMIN,GET,/admin-api/v1/dashboard/todos,待办队列,PAGE_ACTION,ADM-DASH-001,Dashboard,R30,dashboard.read,由页面详细动作规格实现；共享组件允许多页面复用,FROZEN
adminUsersGetUsers,ADMIN,GET,/admin-api/v1/users,用户列表,PAGE_ACTION,ADM-USER-001;ADM-USER-002,Users,R02,user.read,由页面详细动作规格实现；共享组件允许多页面复用,FROZEN
adminUsersGetUsersById,ADMIN,GET,/admin-api/v1/users/{id},用户详情,PAGE_ACTION,ADM-USER-001;ADM-USER-002,Users,R02,user.read,由页面详细动作规格实现；共享组件允许多页面复用,FROZEN
adminUsersPostUsersByIdRestrictions,ADMIN,POST,/admin-api/v1/users/{id}/restrictions,新增/修改限制,PAGE_ACTION,ADM-USER-002,Users,R02,user.restrict,由页面详细动作规格实现；共享组件允许多页面复用,FROZEN
adminUsersDeleteUsersByIdRestrictionsByType,ADMIN,DELETE,/admin-api/v1/users/{id}/restrictions/{type},解除限制,PAGE_ACTION,ADM-USER-002,Users,R02,user.restrict,由页面详细动作规格实现；共享组件允许多页面复用,FROZEN
adminUsersPostUsersByIdFreeze,ADMIN,POST,/admin-api/v1/users/{id}/freeze,冻结账号,PAGE_ACTION,ADM-USER-002,Users,R02,user.freeze,由页面详细动作规格实现；共享组件允许多页面复用,FROZEN
adminUsersPostUsersByIdUnfreeze,ADMIN,POST,/admin-api/v1/users/{id}/unfreeze,解冻账号,PAGE_ACTION,ADM-USER-002,Users,R02,user.freeze,由页面详细动作规格实现；共享组件允许多页面复用,FROZEN
adminUsersPostUsersByIdForceLogout,ADMIN,POST,/admin-api/v1/users/{id}/force-logout,强制下线,PAGE_ACTION,ADM-USER-002,Users,R02,user.security,由页面详细动作规格实现；共享组件允许多页面复用,FROZEN
adminIdentityGetIdentities,ADMIN,GET,/admin-api/v1/identities,实名列表,PAGE_ACTION,ADM-ID-001;ADM-ID-002,Identity,R05,identity.read,由页面详细动作规格实现；共享组件允许多页面复用,FROZEN
adminIdentityGetIdentitiesByUserid,ADMIN,GET,/admin-api/v1/identities/{userId},实名详情,PAGE_ACTION,ADM-ID-001;ADM-ID-002,Identity,R05,identity.read,由页面详细动作规格实现；共享组件允许多页面复用,FROZEN
adminIdentityPostIdentitiesByUseridMediaAccess,ADMIN,POST,/admin-api/v1/identities/{userId}/media-access,获取短时原图预览,PAGE_ACTION,ADM-ID-002,Identity,R05,identity.media.view,由页面详细动作规格实现；共享组件允许多页面复用,FROZEN
adminIdentityPostIdentitySessionsByIdReview,ADMIN,POST,/admin-api/v1/identity-sessions/{id}/review,人工复核,PAGE_ACTION,ADM-ID-002,Identity,R05,identity.review,由页面详细动作规格实现；共享组件允许多页面复用,FROZEN
adminIdentityPostIdentitiesByUseridFreeze,ADMIN,POST,/admin-api/v1/identities/{userId}/freeze,冻结实名,PAGE_ACTION,ADM-ID-002,Identity,R05,identity.freeze,由页面详细动作规格实现；共享组件允许多页面复用,FROZEN
adminContentGetContents,ADMIN,GET,/admin-api/v1/contents,内容列表,PAGE_ACTION,ADM-CONTENT-001;ADM-CONTENT-002;ADM-CONTENT-003,Content,R06,content.read,由页面详细动作规格实现；共享组件允许多页面复用,FROZEN
adminContentGetContentsById,ADMIN,GET,/admin-api/v1/contents/{id},内容详情与版本,PAGE_ACTION,ADM-CONTENT-001;ADM-CONTENT-002;ADM-CONTENT-003,Content,R06,content.read,由页面详细动作规格实现；共享组件允许多页面复用,FROZEN
adminContentPostContentsByIdOnline,ADMIN,POST,/admin-api/v1/contents/{id}/online,平台上架,PAGE_ACTION,ADM-CONTENT-002;ADM-CONTENT-003,Content,R06,content.manage,由页面详细动作规格实现；共享组件允许多页面复用,FROZEN
adminContentPostContentsByIdOffline,ADMIN,POST,/admin-api/v1/contents/{id}/offline,平台下架,PAGE_ACTION,ADM-CONTENT-002;ADM-CONTENT-003,Content,R06,content.manage,由页面详细动作规格实现；共享组件允许多页面复用,FROZEN
adminContentPostContentsByIdBan,ADMIN,POST,/admin-api/v1/contents/{id}/ban,违规封禁,PAGE_ACTION,ADM-CONTENT-002;ADM-CONTENT-003,Content,R06,content.ban,由页面详细动作规格实现；共享组件允许多页面复用,FROZEN
adminContentPostContentsByIdRecommend,ADMIN,POST,/admin-api/v1/contents/{id}/recommend,运营推荐,PAGE_ACTION,ADM-CONTENT-002;ADM-CONTENT-003,Content,R06,content.recommend,由页面详细动作规格实现；共享组件允许多页面复用,FROZEN
adminContentPostContentsByIdOfficialMark,ADMIN,POST,/admin-api/v1/contents/{id}/official-mark,官方标识,PAGE_ACTION,ADM-CONTENT-002;ADM-CONTENT-003,Content,R06,content.official,由页面详细动作规格实现；共享组件允许多页面复用,FROZEN
adminContentGetContentDictionaries,ADMIN,GET,/admin-api/v1/content-dictionaries,内容字典,PAGE_ACTION,ADM-CONTENT-001;ADM-CONTENT-002;ADM-CONTENT-003,Content,R06,content.dict.read,由页面详细动作规格实现；共享组件允许多页面复用,FROZEN
adminContentPutContentDictionariesByCode,ADMIN,PUT,/admin-api/v1/content-dictionaries/{code},修改字典,PAGE_ACTION,ADM-CONTENT-003,Content,R06,content.dict.write,由页面详细动作规格实现；共享组件允许多页面复用,FROZEN
adminReviewGetReviewsQueue,ADMIN,GET,/admin-api/v1/reviews/queue,统一审核队列,PAGE_ACTION,ADM-REVIEW-001,Review,R12,review.read,由页面详细动作规格实现；共享组件允许多页面复用,FROZEN
adminReviewGetReviewsById,ADMIN,GET,/admin-api/v1/reviews/{id},审核详情,PAGE_ACTION,ADM-REVIEW-001,Review,R12,review.read,由页面详细动作规格实现；共享组件允许多页面复用,FROZEN
adminReviewPostReviewsByIdDecide,ADMIN,POST,/admin-api/v1/reviews/{id}/decide,通过/驳回/二审,PAGE_ACTION,ADM-REVIEW-001,Review,R12,review.decide,由页面详细动作规格实现；共享组件允许多页面复用,FROZEN
adminReviewPostReviewsByIdAssign,ADMIN,POST,/admin-api/v1/reviews/{id}/assign,分配审核员,PAGE_ACTION,ADM-REVIEW-001,Review,R12,review.assign,由页面详细动作规格实现；共享组件允许多页面复用,FROZEN
adminReportsGetContentReports,ADMIN,GET,/admin-api/v1/content-reports,内容举报列表,PAGE_ACTION,ADM-REVIEW-001,Reports,R15,report.read,由页面详细动作规格实现；共享组件允许多页面复用,FROZEN
adminReportsPostContentReportsByIdDecide,ADMIN,POST,/admin-api/v1/content-reports/{id}/decide,处理举报,PAGE_ACTION,ADM-REPORT-001,Reports,R15,report.decide,由页面详细动作规格实现；共享组件允许多页面复用,FROZEN
adminAppealsGetAppeals,ADMIN,GET,/admin-api/v1/appeals,申诉列表,PAGE_ACTION,ADM-REVIEW-001,Appeals,R15,appeal.read,由页面详细动作规格实现；共享组件允许多页面复用,FROZEN
adminAppealsPostAppealsByIdDecide,ADMIN,POST,/admin-api/v1/appeals/{id}/decide,处理申诉,PAGE_ACTION,ADM-APPEAL-001,Appeals,R15,appeal.decide,由页面详细动作规格实现；共享组件允许多页面复用,FROZEN
adminRedPacketGetRedPacketCampaigns,ADMIN,GET,/admin-api/v1/red-packet-campaigns,红包活动列表,PAGE_ACTION,ADM-RP-001;ADM-RP-002;ADM-RP-003;ADM-RP-004,RedPacket,R20-R23,redpacket.read,由页面详细动作规格实现；共享组件允许多页面复用,FROZEN
adminRedPacketGetRedPacketCampaignsById,ADMIN,GET,/admin-api/v1/red-packet-campaigns/{id},活动详情,PAGE_ACTION,ADM-RP-001;ADM-RP-002;ADM-RP-003;ADM-RP-004,RedPacket,R20-R23,redpacket.read,由页面详细动作规格实现；共享组件允许多页面复用,FROZEN
adminRedPacketPostRedPacketCampaignsByIdReview,ADMIN,POST,/admin-api/v1/red-packet-campaigns/{id}/review,预审核,PAGE_ACTION,ADM-RP-002;ADM-RP-003;ADM-RP-004,RedPacket,R20-R23,redpacket.review,由页面详细动作规格实现；共享组件允许多页面复用,FROZEN
adminRedPacketPostRedPacketCampaignsByIdPause,ADMIN,POST,/admin-api/v1/red-packet-campaigns/{id}/pause,平台暂停,PAGE_ACTION,ADM-RP-002;ADM-RP-003;ADM-RP-004,RedPacket,R20-R23,redpacket.manage,由页面详细动作规格实现；共享组件允许多页面复用,FROZEN
adminRedPacketPostRedPacketCampaignsByIdResume,ADMIN,POST,/admin-api/v1/red-packet-campaigns/{id}/resume,恢复,PAGE_ACTION,ADM-RP-002;ADM-RP-003;ADM-RP-004,RedPacket,R20-R23,redpacket.manage,由页面详细动作规格实现；共享组件允许多页面复用,FROZEN
adminRedPacketPostRedPacketCampaignsByIdTerminate,ADMIN,POST,/admin-api/v1/red-packet-campaigns/{id}/terminate,平台终止且不退款,PAGE_ACTION,ADM-RP-002;ADM-RP-003;ADM-RP-004,RedPacket,R20-R23,redpacket.terminate,由页面详细动作规格实现；共享组件允许多页面复用,FROZEN
adminRedPacketGetRedPacketCampaignsByIdSessions,ADMIN,GET,/admin-api/v1/red-packet-campaigns/{id}/sessions,浏览会话和锁定,PAGE_ACTION,ADM-RP-001;ADM-RP-002;ADM-RP-003;ADM-RP-004,RedPacket,R20-R23,redpacket.read,由页面详细动作规格实现；共享组件允许多页面复用,FROZEN
adminRedPacketGetRedPacketCampaignsByIdClaims,ADMIN,GET,/admin-api/v1/red-packet-campaigns/{id}/claims,领取记录,PAGE_ACTION,ADM-RP-001;ADM-RP-002;ADM-RP-003;ADM-RP-004,RedPacket,R20-R23,redpacket.read,由页面详细动作规格实现；共享组件允许多页面复用,FROZEN
adminRedPacketGetRedPacketCampaignsByIdLedger,ADMIN,GET,/admin-api/v1/red-packet-campaigns/{id}/ledger,红包账本,PAGE_ACTION,ADM-RP-001,RedPacket,R20-R23,redpacket.finance,由页面详细动作规格实现；共享组件允许多页面复用,FROZEN
adminProductsGetProducts,ADMIN,GET,/admin-api/v1/products,商品列表,PAGE_ACTION,ADM-PROD-001,Products,R16,product.read,由页面详细动作规格实现；共享组件允许多页面复用,FROZEN
adminProductsPostProducts,ADMIN,POST,/admin-api/v1/products,创建商品,PAGE_ACTION,ADM-PROD-001,Products,R16,product.write,由页面详细动作规格实现；共享组件允许多页面复用,FROZEN
adminProductsPatchProductsById,ADMIN,PATCH,/admin-api/v1/products/{id},修改商品,PAGE_ACTION,ADM-PROD-001,Products,R16,product.write,由页面详细动作规格实现；共享组件允许多页面复用,FROZEN
adminProductsGetSkus,ADMIN,GET,/admin-api/v1/skus,SKU列表,PAGE_ACTION,ADM-PROD-001,Products,R16,product.read,由页面详细动作规格实现；共享组件允许多页面复用,FROZEN
adminProductsPostSkus,ADMIN,POST,/admin-api/v1/skus,创建SKU,PAGE_ACTION,ADM-PROD-001,Products,R16,product.write,由页面详细动作规格实现；共享组件允许多页面复用,FROZEN
adminProductsPatchSkusById,ADMIN,PATCH,/admin-api/v1/skus/{id},修改SKU,PAGE_ACTION,ADM-PROD-001,Products,R16,product.write,由页面详细动作规格实现；共享组件允许多页面复用,FROZEN
adminOrdersGetOrders,ADMIN,GET,/admin-api/v1/orders,订单列表,PAGE_ACTION,ADM-ORDER-001,Orders,R16,order.read,由页面详细动作规格实现；共享组件允许多页面复用,FROZEN
adminOrdersGetOrdersByOrderno,ADMIN,GET,/admin-api/v1/orders/{orderNo},订单详情,PAGE_ACTION,ADM-ORDER-001,Orders,R16,order.read,由页面详细动作规格实现；共享组件允许多页面复用,FROZEN
adminPaymentsGetPayments,ADMIN,GET,/admin-api/v1/payments,支付交易,PAGE_ACTION,ADM-PAY-001;ADM-RECON-001,Payments,R17,payment.read,由页面详细动作规格实现；共享组件允许多页面复用,FROZEN
adminPaymentsGetPaymentCallbacks,ADMIN,GET,/admin-api/v1/payment-callbacks,支付回调日志,PAGE_ACTION,ADM-PAY-001;ADM-RECON-001,Payments,R17,payment.read,由页面详细动作规格实现；共享组件允许多页面复用,FROZEN
adminPaymentsPostPaymentsByIdQuery,ADMIN,POST,/admin-api/v1/payments/{id}/query,主动查单,PAGE_ACTION,ADM-PAY-001;ADM-RECON-001,Payments,R17,payment.query,由页面详细动作规格实现；共享组件允许多页面复用,FROZEN
adminPaymentsGetPaymentExceptions,ADMIN,GET,/admin-api/v1/payment-exceptions,异常账务,PAGE_ACTION,ADM-PAY-001;ADM-RECON-001,Payments,R17,payment.exception.read,由页面详细动作规格实现；共享组件允许多页面复用,FROZEN
adminPaymentsPostPaymentExceptionsByIdResolve,ADMIN,POST,/admin-api/v1/payment-exceptions/{id}/resolve,处理异常账务,PAGE_ACTION,ADM-PAY-001;ADM-RECON-001,Payments,R17,payment.exception.resolve,由页面详细动作规格实现；共享组件允许多页面复用,FROZEN
adminPaymentsPostPaymentReconciliationRun,ADMIN,POST,/admin-api/v1/payment-reconciliation/run,执行对账,PAGE_ACTION,ADM-PAY-001;ADM-RECON-001,Payments,R17,payment.reconcile,由页面详细动作规格实现；共享组件允许多页面复用,FROZEN
adminRewardsGetRewardAccounts,ADMIN,GET,/admin-api/v1/reward-accounts,奖励账户列表,PAGE_ACTION,ADM-REWARD-001;ADM-REWARD-002,Rewards,R24,reward.read,由页面详细动作规格实现；共享组件允许多页面复用,FROZEN
adminRewardsGetRewardAccountsByUseridLedger,ADMIN,GET,/admin-api/v1/reward-accounts/{userId}/ledger,用户奖励流水,PAGE_ACTION,ADM-REWARD-001;ADM-REWARD-002,Rewards,R24,reward.read,由页面详细动作规格实现；共享组件允许多页面复用,FROZEN
adminRewardsPostRewardAdjustments,ADMIN,POST,/admin-api/v1/reward-adjustments,创建奖励调整申请,PAGE_ACTION,ADM-REWARD-001,Rewards,R24,reward.adjust.request,由页面详细动作规格实现；共享组件允许多页面复用,FROZEN
adminWithdrawalsGetWithdrawals,ADMIN,GET,/admin-api/v1/withdrawals,提现列表,PAGE_ACTION,ADM-WD-001;ADM-WD-002,Withdrawals,R24,withdrawal.read,由页面详细动作规格实现；共享组件允许多页面复用,FROZEN
adminWithdrawalsGetWithdrawalsById,ADMIN,GET,/admin-api/v1/withdrawals/{id},提现详情,PAGE_ACTION,ADM-WD-001;ADM-WD-002,Withdrawals,R24,withdrawal.read,由页面详细动作规格实现；共享组件允许多页面复用,FROZEN
adminWithdrawalsPostWithdrawalsByIdRiskReview,ADMIN,POST,/admin-api/v1/withdrawals/{id}/risk-review,风控审核,PAGE_ACTION,ADM-WD-002,Withdrawals,R24,withdrawal.risk,由页面详细动作规格实现；共享组件允许多页面复用,FROZEN
adminWithdrawalsPostWithdrawalsByIdFinanceReview,ADMIN,POST,/admin-api/v1/withdrawals/{id}/finance-review,财务审核,PAGE_ACTION,ADM-WD-002,Withdrawals,R24,withdrawal.finance,由页面详细动作规格实现；共享组件允许多页面复用,FROZEN
adminWithdrawalsPostWithdrawalsByIdPayout,ADMIN,POST,/admin-api/v1/withdrawals/{id}/payout,发起出款,PAGE_ACTION,ADM-WD-002,Withdrawals,R24,withdrawal.payout,由页面详细动作规格实现；共享组件允许多页面复用,FROZEN
adminWithdrawalsPostWithdrawalsByIdQuery,ADMIN,POST,/admin-api/v1/withdrawals/{id}/query,查询出款,PAGE_ACTION,ADM-WD-002,Withdrawals,R24,withdrawal.payout,由页面详细动作规格实现；共享组件允许多页面复用,FROZEN
adminMembershipGetMembershipSkus,ADMIN,GET,/admin-api/v1/membership/skus,会员SKU,PAGE_ACTION,ADM-MEMBER-001;ADM-MEMBER-002,Membership,R18,membership.read,由页面详细动作规格实现；共享组件允许多页面复用,FROZEN
adminMembershipPatchMembershipSkusById,ADMIN,PATCH,/admin-api/v1/membership/skus/{id},价格和期限,PAGE_ACTION,ADM-MEMBER-001;ADM-MEMBER-002,Membership,R18,membership.write,由页面详细动作规格实现；共享组件允许多页面复用,FROZEN
adminMembershipPutMembershipSkusByIdBenefits,ADMIN,PUT,/admin-api/v1/membership/skus/{id}/benefits,权益配置,PAGE_ACTION,ADM-MEMBER-001;ADM-MEMBER-002,Membership,R18,membership.write,由页面详细动作规格实现；共享组件允许多页面复用,FROZEN
adminMembershipGetUserMemberships,ADMIN,GET,/admin-api/v1/user-memberships,用户会员,PAGE_ACTION,ADM-MEMBER-001;ADM-MEMBER-002,Membership,R18,membership.read,由页面详细动作规格实现；共享组件允许多页面复用,FROZEN
adminMembershipPostUserMembershipsGrants,ADMIN,POST,/admin-api/v1/user-memberships/grants,人工赠送,PAGE_ACTION,ADM-MEMBER-001,Membership,R18,membership.grant,由页面详细动作规格实现；共享组件允许多页面复用,FROZEN
adminPropsGetProps,ADMIN,GET,/admin-api/v1/props,道具定义和SKU,PAGE_ACTION,ADM-PROP-001;ADM-PROP-002;ADM-PROP-003,Props,R19,prop.read,由页面详细动作规格实现；共享组件允许多页面复用,FROZEN
adminPropsPatchPropsById,ADMIN,PATCH,/admin-api/v1/props/{id},修改道具,PAGE_ACTION,ADM-PROP-001;ADM-PROP-002;ADM-PROP-003,Props,R19,prop.write,由页面详细动作规格实现；共享组件允许多页面复用,FROZEN
adminPropsGetHeadlineSlots,ADMIN,GET,/admin-api/v1/headline-slots,头条资源位,PAGE_ACTION,ADM-PROP-001;ADM-PROP-002;ADM-PROP-003,Props,R19,prop.slot.read,由页面详细动作规格实现；共享组件允许多页面复用,FROZEN
adminPropsPostHeadlineSlots,ADMIN,POST,/admin-api/v1/headline-slots,创建资源位,PAGE_ACTION,ADM-PROP-001;ADM-PROP-003,Props,R19,prop.slot.write,由页面详细动作规格实现；共享组件允许多页面复用,FROZEN
adminPropsGetPropExecutions,ADMIN,GET,/admin-api/v1/prop-executions,执行日志,PAGE_ACTION,ADM-PROP-001;ADM-PROP-002;ADM-PROP-003,Props,R19,prop.read,由页面详细动作规格实现；共享组件允许多页面复用,FROZEN
adminReferralGetReferralRelations,ADMIN,GET,/admin-api/v1/referral-relations,邀请关系列表,PAGE_ACTION,ADM-REF-001;ADM-REF-002;ADM-REF-003;ADM-REF-004;ADM-REF-005;ADM-REF-006,Referral,R25-R26,referral.read,由页面详细动作规格实现；共享组件允许多页面复用,FROZEN
adminReferralPostReferralRelationsByInviteeidAdjust,ADMIN,POST,/admin-api/v1/referral-relations/{inviteeId}/adjust,纠纷调整关系,PAGE_ACTION,ADM-REF-001;ADM-REF-002;ADM-REF-004;ADM-REF-005;ADM-REF-006,Referral,R25-R26,referral.adjust,由页面详细动作规格实现；共享组件允许多页面复用,FROZEN
adminReferralGetCommissionPolicies,ADMIN,GET,/admin-api/v1/commission-policies,佣金策略,PAGE_ACTION,ADM-REF-001;ADM-REF-002;ADM-REF-003;ADM-REF-004;ADM-REF-005;ADM-REF-006,Referral,R25-R26,commission.read,由页面详细动作规格实现；共享组件允许多页面复用,FROZEN
adminReferralPostCommissionPolicies,ADMIN,POST,/admin-api/v1/commission-policies,创建策略版本,PAGE_ACTION,ADM-REF-001;ADM-REF-002;ADM-REF-004;ADM-REF-005;ADM-REF-006,Referral,R25-R26,commission.write,由页面详细动作规格实现；共享组件允许多页面复用,FROZEN
adminReferralGetCommissions,ADMIN,GET,/admin-api/v1/commissions,佣金记录,PAGE_ACTION,ADM-REF-001;ADM-REF-002;ADM-REF-003;ADM-REF-004;ADM-REF-005;ADM-REF-006,Referral,R25-R26,commission.read,由页面详细动作规格实现；共享组件允许多页面复用,FROZEN
adminReferralActivityGetReferralActivityRules,ADMIN,GET,/admin-api/v1/referral-activity/rules,行为规则,PAGE_ACTION,ADM-REF-001;ADM-REF-002;ADM-REF-003;ADM-REF-004;ADM-REF-005;ADM-REF-006,ReferralActivity,R30,referral.activity.read,由页面详细动作规格实现；共享组件允许多页面复用,FROZEN
adminReferralActivityPostReferralActivityRuleVersions,ADMIN,POST,/admin-api/v1/referral-activity/rule-versions,创建规则版本,PAGE_ACTION,ADM-REF-001;ADM-REF-002;ADM-REF-004;ADM-REF-005;ADM-REF-006,ReferralActivity,R30,referral.activity.write,由页面详细动作规格实现；共享组件允许多页面复用,FROZEN
adminReferralActivityGetReferralActivityProgress,ADMIN,GET,/admin-api/v1/referral-activity/progress,直推进度,PAGE_ACTION,ADM-REF-001;ADM-REF-002;ADM-REF-003;ADM-REF-004;ADM-REF-005;ADM-REF-006,ReferralActivity,R30,referral.activity.read,由页面详细动作规格实现；共享组件允许多页面复用,FROZEN
adminReferralActivityGetReferralActivityMilestones,ADMIN,GET,/admin-api/v1/referral-activity/milestones,档位与矩阵,PAGE_ACTION,ADM-REF-003,ReferralActivity,R30,referral.activity.read,由页面详细动作规格实现；共享组件允许多页面复用,FROZEN
adminReferralActivityPutReferralActivityMilestones,ADMIN,PUT,/admin-api/v1/referral-activity/milestones,保存档位矩阵新版本,PAGE_ACTION,ADM-REF-006,ReferralActivity,R30,referral.activity.write,由页面详细动作规格实现；共享组件允许多页面复用,FROZEN
adminReferralActivityGetReferralActivityRewards,ADMIN,GET,/admin-api/v1/referral-activity/rewards,阶梯奖励记录,PAGE_ACTION,ADM-REF-003,ReferralActivity,R30,referral.activity.read,由页面详细动作规格实现；共享组件允许多页面复用,FROZEN
adminTasksGetTasks,ADMIN,GET,/admin-api/v1/tasks,任务定义,PAGE_ACTION,ADM-TASK-001;ADM-TASK-002,Tasks,R27,task.read,由页面详细动作规格实现；共享组件允许多页面复用,FROZEN
adminTasksPostTasks,ADMIN,POST,/admin-api/v1/tasks,创建任务,PAGE_ACTION,ADM-TASK-001,Tasks,R27,task.write,由页面详细动作规格实现；共享组件允许多页面复用,FROZEN
adminTasksPatchTasksById,ADMIN,PATCH,/admin-api/v1/tasks/{id},修改任务,PAGE_ACTION,ADM-TASK-001;ADM-TASK-002,Tasks,R27,task.write,由页面详细动作规格实现；共享组件允许多页面复用,FROZEN
adminTasksGetTaskProgress,ADMIN,GET,/admin-api/v1/task-progress,用户任务进度,PAGE_ACTION,ADM-TASK-001;ADM-TASK-002,Tasks,R27,task.read,由页面详细动作规格实现；共享组件允许多页面复用,FROZEN
adminTasksGetGrowthBudgets,ADMIN,GET,/admin-api/v1/growth-budgets,增长预算,PAGE_ACTION,ADM-TASK-001;ADM-TASK-002,Tasks,R27,task.budget.read,由页面详细动作规格实现；共享组件允许多页面复用,FROZEN
adminTasksPutGrowthBudgetsById,ADMIN,PUT,/admin-api/v1/growth-budgets/{id},修改预算,PAGE_ACTION,ADM-TASK-001;ADM-TASK-002,Tasks,R27,task.budget.write,由页面详细动作规格实现；共享组件允许多页面复用,FROZEN
adminChatGetChatReports,ADMIN,GET,/admin-api/v1/chat-reports,聊天举报,PAGE_ACTION,ADM-CHAT-001,Chat,R15,chat.report.read,由页面详细动作规格实现；共享组件允许多页面复用,FROZEN
adminChatPostChatReportsByIdDecide,ADMIN,POST,/admin-api/v1/chat-reports/{id}/decide,处理聊天举报,PAGE_ACTION,ADM-CHAT-001,Chat,R15,chat.report.decide,由页面详细动作规格实现；共享组件允许多页面复用,FROZEN
adminSupportGetSupportTickets,ADMIN,GET,/admin-api/v1/support/tickets,工单列表,PAGE_ACTION,ADM-SUPPORT-001,Support,R15,support.read,由页面详细动作规格实现；共享组件允许多页面复用,FROZEN
adminSupportGetSupportTicketsById,ADMIN,GET,/admin-api/v1/support/tickets/{id},工单详情,PAGE_ACTION,ADM-SUPPORT-001,Support,R15,support.read,由页面详细动作规格实现；共享组件允许多页面复用,FROZEN
adminSupportPostSupportTicketsByIdAssign,ADMIN,POST,/admin-api/v1/support/tickets/{id}/assign,分配客服,PAGE_ACTION,ADM-SUPPORT-002,Support,R15,support.assign,由页面详细动作规格实现；共享组件允许多页面复用,FROZEN
adminSupportPostSupportTicketsByIdMessages,ADMIN,POST,/admin-api/v1/support/tickets/{id}/messages,客服回复,PAGE_ACTION,ADM-SUPPORT-002,Support,R15,support.reply,由页面详细动作规格实现；共享组件允许多页面复用,FROZEN
adminSupportPostSupportTicketsByIdClose,ADMIN,POST,/admin-api/v1/support/tickets/{id}/close,关闭工单,PAGE_ACTION,ADM-SUPPORT-002,Support,R15,support.close,由页面详细动作规格实现；共享组件允许多页面复用,FROZEN
adminCMSGetCmsHomeModules,ADMIN,GET,/admin-api/v1/cms/home-modules,首页模块,PAGE_ACTION,ADM-CMS-001;ADM-CMS-002;ADM-CMS-003,CMS,R28,cms.read,由页面详细动作规格实现；共享组件允许多页面复用,FROZEN
adminCMSPutCmsHomeModules,ADMIN,PUT,/admin-api/v1/cms/home-modules,排序和配置,PAGE_ACTION,ADM-CMS-001;ADM-CMS-002;ADM-CMS-003,CMS,R28,cms.write,由页面详细动作规格实现；共享组件允许多页面复用,FROZEN
adminCMSGetCmsBanners,ADMIN,GET,/admin-api/v1/cms/banners,轮播,PAGE_ACTION,ADM-CMS-001;ADM-CMS-002;ADM-CMS-003,CMS,R28,cms.read,由页面详细动作规格实现；共享组件允许多页面复用,FROZEN
adminCMSPostCmsBanners,ADMIN,POST,/admin-api/v1/cms/banners,创建轮播,PAGE_ACTION,ADM-CMS-001;ADM-CMS-002;ADM-CMS-003,CMS,R28,cms.write,由页面详细动作规格实现；共享组件允许多页面复用,FROZEN
adminCMSGetCmsArticles,ADMIN,GET,/admin-api/v1/cms/articles,公告帮助规则,PAGE_ACTION,ADM-CMS-001;ADM-CMS-002;ADM-CMS-003,CMS,R28,cms.read,由页面详细动作规格实现；共享组件允许多页面复用,FROZEN
adminCMSPostCmsArticles,ADMIN,POST,/admin-api/v1/cms/articles,创建文章,PAGE_ACTION,ADM-CMS-001;ADM-CMS-002;ADM-CMS-003,CMS,R28,cms.write,由页面详细动作规格实现；共享组件允许多页面复用,FROZEN
adminCMSGetCmsH5Pages,ADMIN,GET,/admin-api/v1/cms/h5-pages,H5配置,PAGE_ACTION,ADM-CMS-001;ADM-CMS-002;ADM-CMS-003,CMS,R28,cms.read,由页面详细动作规格实现；共享组件允许多页面复用,FROZEN
adminCMSPutCmsH5PagesByCode,ADMIN,PUT,/admin-api/v1/cms/h5-pages/{code},更新H5配置新版本,PAGE_ACTION,ADM-CMS-001;ADM-CMS-002;ADM-CMS-003,CMS,R28,cms.write,由页面详细动作规格实现；共享组件允许多页面复用,FROZEN
adminAgreementsGetAgreements,ADMIN,GET,/admin-api/v1/agreements,协议列表,PAGE_ACTION,ADM-CMS-003,Agreements,R28,agreement.read,由页面详细动作规格实现；共享组件允许多页面复用,FROZEN
adminAgreementsPostAgreementsByCodeVersions,ADMIN,POST,/admin-api/v1/agreements/{code}/versions,新增协议版本,PAGE_ACTION,ADM-CMS-003,Agreements,R28,agreement.write,由页面详细动作规格实现；共享组件允许多页面复用,FROZEN
adminAppReleaseGetAppVersions,ADMIN,GET,/admin-api/v1/app-versions,App版本,PAGE_ACTION,ADM-APP-001,AppRelease,R29,app.release.read,由页面详细动作规格实现；共享组件允许多页面复用,FROZEN
adminAppReleasePostAppVersions,ADMIN,POST,/admin-api/v1/app-versions,创建版本,PAGE_ACTION,ADM-APP-001,AppRelease,R29,app.release.write,由页面详细动作规格实现；共享组件允许多页面复用,FROZEN
adminAppReleasePostAppVersionsByIdPublish,ADMIN,POST,/admin-api/v1/app-versions/{id}/publish,发布/灰度,PAGE_ACTION,ADM-APP-001,AppRelease,R29,app.release.publish,由页面详细动作规格实现；共享组件允许多页面复用,FROZEN
adminRiskGetRiskEvents,ADMIN,GET,/admin-api/v1/risk/events,风险事件,PAGE_ACTION,ADM-RISK-001;ADM-RISK-002,Risk,R31,risk.read,由页面详细动作规格实现；共享组件允许多页面复用,FROZEN
adminRiskPostRiskEventsByIdDecide,ADMIN,POST,/admin-api/v1/risk/events/{id}/decide,人工处置,PAGE_ACTION,ADM-RISK-001;ADM-RISK-002,Risk,R31,risk.decide,由页面详细动作规格实现；共享组件允许多页面复用,FROZEN
adminRiskGetRiskRuleVersions,ADMIN,GET,/admin-api/v1/risk/rule-versions,规则版本,PAGE_ACTION,ADM-RISK-001;ADM-RISK-002,Risk,R31,risk.rule.read,由页面详细动作规格实现；共享组件允许多页面复用,FROZEN
adminRiskPostRiskRuleVersions,ADMIN,POST,/admin-api/v1/risk/rule-versions,创建规则版本,PAGE_ACTION,ADM-RISK-001,Risk,R31,risk.rule.write,由页面详细动作规格实现；共享组件允许多页面复用,FROZEN
adminRiskGetRiskBlacklists,ADMIN,GET,/admin-api/v1/risk/blacklists,黑名单,PAGE_ACTION,ADM-RISK-001;ADM-RISK-002,Risk,R31,risk.list.read,由页面详细动作规格实现；共享组件允许多页面复用,FROZEN
adminRiskPostRiskBlacklists,ADMIN,POST,/admin-api/v1/risk/blacklists,新增黑名单,PAGE_ACTION,ADM-RISK-001,Risk,R31,risk.list.write,由页面详细动作规格实现；共享组件允许多页面复用,FROZEN
adminRiskDeleteRiskBlacklistsById,ADMIN,DELETE,/admin-api/v1/risk/blacklists/{id},移除黑名单,PAGE_ACTION,ADM-RISK-001;ADM-RISK-002,Risk,R31,risk.list.write,由页面详细动作规格实现；共享组件允许多页面复用,FROZEN
adminConfigGetConfigs,ADMIN,GET,/admin-api/v1/configs,系统配置,PAGE_ACTION,ADM-CONFIG-001;ADM-CONFIG-002;ADM-CONFIG-003;ADM-CONFIG-004;ADM-CONFIG-005;ADM-CONFIG-006;ADM-CONFIG-007;ADM-CONFIG-008,Config,R30,config.read,由页面详细动作规格实现；共享组件允许多页面复用,FROZEN
adminConfigPutConfigsByKey,ADMIN,PUT,/admin-api/v1/configs/{key},修改配置并生成版本,PAGE_ACTION,ADM-CONFIG-001;ADM-CONFIG-003;ADM-CONFIG-004;ADM-CONFIG-005;ADM-CONFIG-006;ADM-CONFIG-007;ADM-CONFIG-008,Config,R30,config.write,由页面详细动作规格实现；共享组件允许多页面复用,FROZEN
adminConfigGetFeatureFlags,ADMIN,GET,/admin-api/v1/feature-flags,功能开关,PAGE_ACTION,ADM-CONFIG-001;ADM-CONFIG-002;ADM-CONFIG-003;ADM-CONFIG-004;ADM-CONFIG-005;ADM-CONFIG-006;ADM-CONFIG-007;ADM-CONFIG-008,Config,R30,config.read,由页面详细动作规格实现；共享组件允许多页面复用,FROZEN
adminConfigPutFeatureFlagsByKey,ADMIN,PUT,/admin-api/v1/feature-flags/{key},灰度开关,PAGE_ACTION,ADM-CONFIG-001;ADM-CONFIG-003;ADM-CONFIG-004;ADM-CONFIG-005;ADM-CONFIG-006;ADM-CONFIG-007;ADM-CONFIG-008,Config,R30,config.write,由页面详细动作规格实现；共享组件允许多页面复用,FROZEN
adminRBACGetAdminUsers,ADMIN,GET,/admin-api/v1/admin-users,后台用户,PAGE_ACTION,ADM-RBAC-001,RBAC,R30,rbac.read,由页面详细动作规格实现；共享组件允许多页面复用,FROZEN
adminRBACPostAdminUsers,ADMIN,POST,/admin-api/v1/admin-users,创建后台用户,PAGE_ACTION,ADM-RBAC-001,RBAC,R30,rbac.write,由页面详细动作规格实现；共享组件允许多页面复用,FROZEN
adminRBACGetRoles,ADMIN,GET,/admin-api/v1/roles,角色权限,PAGE_ACTION,ADM-RBAC-001,RBAC,R30,rbac.read,由页面详细动作规格实现；共享组件允许多页面复用,FROZEN
adminRBACPutRolesByIdPermissions,ADMIN,PUT,/admin-api/v1/roles/{id}/permissions,配置权限,PAGE_ACTION,ADM-RBAC-001,RBAC,R30,rbac.write,由页面详细动作规格实现；共享组件允许多页面复用,FROZEN
adminAuditGetAuditLogs,ADMIN,GET,/admin-api/v1/audit/logs,操作日志,PAGE_ACTION,ADM-AUDIT-001,Audit,R30,audit.read,由页面详细动作规格实现；共享组件允许多页面复用,FROZEN
adminApprovalsGetApprovals,ADMIN,GET,/admin-api/v1/approvals,复核申请,PAGE_ACTION,ADM-APPROVAL-001,Approvals,R30,approval.read,由页面详细动作规格实现；共享组件允许多页面复用,FROZEN
adminApprovalsPostApprovalsByIdDecide,ADMIN,POST,/admin-api/v1/approvals/{id}/decide,同意/拒绝,PAGE_ACTION,ADM-APPROVAL-001,Approvals,R30,approval.decide,由页面详细动作规格实现；共享组件允许多页面复用,FROZEN
adminJobsGetJobs,ADMIN,GET,/admin-api/v1/jobs,定时任务,PAGE_ACTION,ADM-JOB-001,Jobs,R30,job.read,由页面详细动作规格实现；共享组件允许多页面复用,FROZEN
adminJobsPostJobsByCodeRun,ADMIN,POST,/admin-api/v1/jobs/{code}/run,手动执行,PAGE_ACTION,ADM-JOB-001,Jobs,R30,job.run,由页面详细动作规格实现；共享组件允许多页面复用,FROZEN
adminProviderConfigGetProviderConfigs,ADMIN,GET,/admin-api/v1/provider-configs,供应商配置定义和当前激活版本,PAGE_ACTION,ADM-CONFIG-001;ADM-CONFIG-002;ADM-CONFIG-003;ADM-CONFIG-004;ADM-CONFIG-005;ADM-CONFIG-006;ADM-CONFIG-007;ADM-CONFIG-008,ProviderConfig,R03,provider.config.read,由页面详细动作规格实现；共享组件允许多页面复用,FROZEN
adminProviderConfigGetProviderConfigsByProvider,ADMIN,GET,/admin-api/v1/provider-configs/{provider},指定供应商配置详情，秘密字段只返回是否已配置,PAGE_ACTION,ADM-CONFIG-001;ADM-CONFIG-002;ADM-CONFIG-003;ADM-CONFIG-004;ADM-CONFIG-005;ADM-CONFIG-006;ADM-CONFIG-007;ADM-CONFIG-008,ProviderConfig,R03,provider.config.read,由页面详细动作规格实现；共享组件允许多页面复用,FROZEN
adminProviderConfigPostProviderConfigsByProviderVersions,ADMIN,POST,/admin-api/v1/provider-configs/{provider}/versions,创建供应商配置版本,PAGE_ACTION,ADM-CONFIG-001;ADM-CONFIG-003;ADM-CONFIG-004;ADM-CONFIG-005;ADM-CONFIG-006;ADM-CONFIG-007;ADM-CONFIG-008,ProviderConfig,R03,provider.config.write,由页面详细动作规格实现；共享组件允许多页面复用,FROZEN
adminProviderConfigPostProviderConfigsByProviderTest,ADMIN,POST,/admin-api/v1/provider-configs/{provider}/test,连接或发送测试,PAGE_ACTION,ADM-CONFIG-001;ADM-CONFIG-003;ADM-CONFIG-004;ADM-CONFIG-005;ADM-CONFIG-006;ADM-CONFIG-007;ADM-CONFIG-008,ProviderConfig,R03,provider.config.test,由页面详细动作规格实现；共享组件允许多页面复用,FROZEN
adminProviderConfigPostProviderConfigsByProviderActivate,ADMIN,POST,/admin-api/v1/provider-configs/{provider}/activate,双人复核后激活配置版本,PAGE_ACTION,ADM-CONFIG-002,ProviderConfig,R03,provider.config.activate,由页面详细动作规格实现；共享组件允许多页面复用,FROZEN
adminProviderConfigPostProviderConfigsByProviderRollback,ADMIN,POST,/admin-api/v1/provider-configs/{provider}/rollback,回滚至指定已验证版本,PAGE_ACTION,ADM-CONFIG-002,ProviderConfig,R03,provider.config.activate,由页面详细动作规格实现；共享组件允许多页面复用,FROZEN
adminProviderCertificatePostProviderCertificates,ADMIN,POST,/admin-api/v1/provider-certificates,上传加密证书或私钥文件,PAGE_ACTION,ADM-CONFIG-002,ProviderCertificate,R03,provider.certificate.write,由页面详细动作规格实现；共享组件允许多页面复用,FROZEN
adminProviderCertificateGetProviderCertificates,ADMIN,GET,/admin-api/v1/provider-certificates,证书列表和有效期，不返回原文,PAGE_ACTION,ADM-CONFIG-002,ProviderCertificate,R03,provider.certificate.read,由页面详细动作规格实现；共享组件允许多页面复用,FROZEN
adminProviderCertificatePostProviderCertificatesByIdRotate,ADMIN,POST,/admin-api/v1/provider-certificates/{id}/rotate,轮换证书并保留审计,PAGE_ACTION,ADM-CONFIG-002,ProviderCertificate,R03,provider.certificate.rotate,由页面详细动作规格实现；共享组件允许多页面复用,FROZEN
adminDomainConfigGetDomains,ADMIN,GET,/admin-api/v1/domains,环境域名与DNS验证状态,PAGE_ACTION,ADM-CONFIG-002,DomainConfig,R03,domain.read,由页面详细动作规格实现；共享组件允许多页面复用,FROZEN
adminDomainConfigPutDomainsByCode,ADMIN,PUT,/admin-api/v1/domains/{code},更新二级域名计划,PAGE_ACTION,ADM-CONFIG-008,DomainConfig,R03,domain.write,由页面详细动作规格实现；共享组件允许多页面复用,FROZEN
adminDomainConfigGetDomainsDnsActions,ADMIN,GET,/admin-api/v1/domains/dns-actions,生成需要用户解析的DNS操作清单,PAGE_ACTION,ADM-CONFIG-002,DomainConfig,R03,domain.read,由页面详细动作规格实现；共享组件允许多页面复用,FROZEN
adminDomainConfigPostDomainsByCodeVerify,ADMIN,POST,/admin-api/v1/domains/{code}/verify,验证解析和HTTPS可达性,PAGE_ACTION,ADM-CONFIG-008,DomainConfig,R03,domain.verify,由页面详细动作规格实现；共享组件允许多页面复用,FROZEN
adminAppBuildProfileGetAppBuildProfiles,ADMIN,GET,/admin-api/v1/app-build/profiles,App构建Profile列表,PAGE_ACTION,ADM-BUILD-001;ADM-BUILD-002;ADM-BUILD-003;ADM-BUILD-004;ADM-BUILD-005;ADM-BUILD-006;ADM-BUILD-007,AppBuildProfile,R29,app.build.read,由页面详细动作规格实现；共享组件允许多页面复用,FROZEN
adminAppBuildProfilePostAppBuildProfiles,ADMIN,POST,/admin-api/v1/app-build/profiles,创建构建Profile,PAGE_ACTION,ADM-BUILD-001;ADM-BUILD-003;ADM-BUILD-005;ADM-BUILD-006;ADM-BUILD-007,AppBuildProfile,R29,app.build.write,由页面详细动作规格实现；共享组件允许多页面复用,FROZEN
adminAppBuildProfilePutAppBuildProfilesById,ADMIN,PUT,/admin-api/v1/app-build/profiles/{id},修改构建Profile,PAGE_ACTION,ADM-BUILD-001;ADM-BUILD-002;ADM-BUILD-003;ADM-BUILD-005;ADM-BUILD-006;ADM-BUILD-007,AppBuildProfile,R29,app.build.write,由页面详细动作规格实现；共享组件允许多页面复用,FROZEN
adminAppBuildJobGetAppBuildJobs,ADMIN,GET,/admin-api/v1/app-build/jobs,构建任务列表,PAGE_ACTION,ADM-BUILD-001;ADM-BUILD-002;ADM-BUILD-003;ADM-BUILD-004;ADM-BUILD-005;ADM-BUILD-006;ADM-BUILD-007,AppBuildJob,R29,app.build.read,由页面详细动作规格实现；共享组件允许多页面复用,FROZEN
adminAppBuildJobPostAppBuildJobs,ADMIN,POST,/admin-api/v1/app-build/jobs,基于批准Git Ref创建官方App构建任务,PAGE_ACTION,ADM-BUILD-001;ADM-BUILD-003;ADM-BUILD-005;ADM-BUILD-006;ADM-BUILD-007,AppBuildJob,R29,app.build.run,由页面详细动作规格实现；共享组件允许多页面复用,FROZEN
adminAppBuildJobGetAppBuildJobsById,ADMIN,GET,/admin-api/v1/app-build/jobs/{id},构建任务详情,PAGE_ACTION,ADM-BUILD-001;ADM-BUILD-002;ADM-BUILD-003;ADM-BUILD-004;ADM-BUILD-005;ADM-BUILD-006;ADM-BUILD-007,AppBuildJob,R29,app.build.read,由页面详细动作规格实现；共享组件允许多页面复用,FROZEN
adminAppBuildJobGetAppBuildJobsByIdLogs,ADMIN,GET,/admin-api/v1/app-build/jobs/{id}/logs,构建步骤日志,PAGE_ACTION,ADM-BUILD-001;ADM-BUILD-002;ADM-BUILD-003;ADM-BUILD-004;ADM-BUILD-005;ADM-BUILD-006;ADM-BUILD-007,AppBuildJob,R29,app.build.read,由页面详细动作规格实现；共享组件允许多页面复用,FROZEN
adminAppBuildJobPostAppBuildJobsByIdCancel,ADMIN,POST,/admin-api/v1/app-build/jobs/{id}/cancel,取消可取消的构建任务,PAGE_ACTION,ADM-BUILD-001;ADM-BUILD-002;ADM-BUILD-003;ADM-BUILD-005;ADM-BUILD-006;ADM-BUILD-007,AppBuildJob,R29,app.build.run,由页面详细动作规格实现；共享组件允许多页面复用,FROZEN
adminAppBuildJobPostAppBuildJobsByIdRetry,ADMIN,POST,/admin-api/v1/app-build/jobs/{id}/retry,按原Commit重试失败任务,PAGE_ACTION,ADM-BUILD-002,AppBuildJob,R29,app.build.run,由页面详细动作规格实现；共享组件允许多页面复用,FROZEN
adminAppBuildArtifactGetAppBuildArtifacts,ADMIN,GET,/admin-api/v1/app-build/artifacts,构建产物列表,PAGE_ACTION,ADM-BUILD-002;ADM-BUILD-004,AppBuildArtifact,R29,app.build.read,由页面详细动作规格实现；共享组件允许多页面复用,FROZEN
adminAppBuildArtifactGetAppBuildArtifactsByIdDownload,ADMIN,GET,/admin-api/v1/app-build/artifacts/{id}/download,获取短期下载URL,PAGE_ACTION,ADM-BUILD-004,AppBuildArtifact,R29,app.build.download,由页面详细动作规格实现；共享组件允许多页面复用,FROZEN
adminAppBuildReleasePostAppBuildJobsByIdPublishStaging,ADMIN,POST,/admin-api/v1/app-build/jobs/{id}/publish-staging,发布到测试下载渠道,PAGE_ACTION,ADM-BUILD-007,AppBuildRelease,R29,app.release.write,由页面详细动作规格实现；共享组件允许多页面复用,FROZEN
adminAppBuildReleasePostAppBuildJobsByIdPromote,ADMIN,POST,/admin-api/v1/app-build/jobs/{id}/promote,双人复核后晋级生产版本,PAGE_ACTION,ADM-BUILD-007,AppBuildRelease,R29,app.release.approve,由页面详细动作规格实现；共享组件允许多页面复用,FROZEN
adminAppSigningGetAppBuildSigningProfiles,ADMIN,GET,/admin-api/v1/app-build/signing-profiles,签名Profile元数据列表,PAGE_ACTION,ADM-BUILD-004,AppSigning,R29,app.signing.read,由页面详细动作规格实现；共享组件允许多页面复用,FROZEN
adminAppSigningPostAppBuildSigningProfiles,ADMIN,POST,/admin-api/v1/app-build/signing-profiles,创建或导入受保护签名Profile,PAGE_ACTION,ADM-BUILD-003,AppSigning,R29,app.signing.write,由页面详细动作规格实现；共享组件允许多页面复用,FROZEN
adminAppSigningPostAppBuildSigningProfilesByIdTest,ADMIN,POST,/admin-api/v1/app-build/signing-profiles/{id}/test,签名测试并返回证书指纹,PAGE_ACTION,ADM-BUILD-003,AppSigning,R29,app.signing.test,由页面详细动作规格实现；共享组件允许多页面复用,FROZEN
adminAccountingGetTransactions,ADMIN,GET,/admin-api/v1/accounting/transactions,会计交易列表,PAGE_ACTION,ADM-ACCOUNTING-001,Accounting,R24,accounting.read,由页面详细动作规格实现；共享组件允许多页面复用,FROZEN
adminAccountingGetTransactionById,ADMIN,GET,/admin-api/v1/accounting/transactions/{id},会计交易详情,PAGE_ACTION,ADM-ACCOUNTING-002,Accounting,R24,accounting.read,由页面详细动作规格实现；共享组件允许多页面复用,FROZEN
adminAccountingGetEntries,ADMIN,GET,/admin-api/v1/accounting/entries,会计分录列表,PAGE_ACTION,ADM-ACCOUNTING-001,Accounting,R24,accounting.read,由页面详细动作规格实现；共享组件允许多页面复用,FROZEN
adminAccountingPostReversal,ADMIN,POST,/admin-api/v1/accounting/transactions/{id}/reversals,申请会计冲正,PAGE_ACTION,ADM-ACCOUNTING-002,Accounting,R24,accounting.reversal.request,由页面详细动作规格实现；共享组件允许多页面复用,FROZEN
adminRiskRulesGetVersions,ADMIN,GET,/admin-api/v1/risk-rule-versions,风控规则版本列表,PAGE_ACTION,ADM-RISK-003,RiskRules,R31,risk.rule.read,由页面详细动作规格实现；共享组件允许多页面复用,FROZEN
adminRiskRulesPostVersion,ADMIN,POST,/admin-api/v1/risk-rule-versions,创建风控规则版本,PAGE_ACTION,ADM-RISK-003,RiskRules,R31,risk.rule.manage,由页面详细动作规格实现；共享组件允许多页面复用,FROZEN
adminRiskRulesPostSimulation,ADMIN,POST,/admin-api/v1/risk-rule-versions/{id}/simulate,模拟风控规则,PAGE_ACTION,ADM-RISK-004,RiskRules,R31,risk.rule.simulate,由页面详细动作规格实现；共享组件允许多页面复用,FROZEN
adminRiskRulesPostActivate,ADMIN,POST,/admin-api/v1/risk-rule-versions/{id}/activate,激活风控规则版本,PAGE_ACTION,ADM-RISK-003,RiskRules,R31,risk.rule.activate,由页面详细动作规格实现；共享组件允许多页面复用,FROZEN
adminNotificationGetTemplates,ADMIN,GET,/admin-api/v1/notification-templates,通知模板列表,PAGE_ACTION,ADM-NOTIFY-001,NotificationOps,R30,notification.template.read,由页面详细动作规格实现；共享组件允许多页面复用,FROZEN
adminNotificationPostTemplate,ADMIN,POST,/admin-api/v1/notification-templates,创建通知模板版本,PAGE_ACTION,ADM-NOTIFY-001,NotificationOps,R30,notification.template.manage,由页面详细动作规格实现；共享组件允许多页面复用,FROZEN
adminNotificationPatchTemplate,ADMIN,PATCH,/admin-api/v1/notification-templates/{id},修改通知模板草稿,PAGE_ACTION,ADM-NOTIFY-001,NotificationOps,R30,notification.template.manage,由页面详细动作规格实现；共享组件允许多页面复用,FROZEN
adminNotificationGetDeliveries,ADMIN,GET,/admin-api/v1/notification-deliveries,通知发送记录,PAGE_ACTION,ADM-NOTIFY-002,NotificationOps,R30,notification.delivery.read,由页面详细动作规格实现；共享组件允许多页面复用,FROZEN
adminNotificationPostDeliveryRetry,ADMIN,POST,/admin-api/v1/notification-deliveries/{id}/retry,重试失败通知,PAGE_ACTION,ADM-NOTIFY-002,NotificationOps,R30,notification.delivery.retry,由页面详细动作规格实现；共享组件允许多页面复用,FROZEN
adminExportsGetJobs,ADMIN,GET,/admin-api/v1/export-jobs,导出任务列表,PAGE_ACTION,ADM-EXPORT-001,Exports,R30,export.read,由页面详细动作规格实现；共享组件允许多页面复用,FROZEN
adminExportsPostJob,ADMIN,POST,/admin-api/v1/export-jobs,创建导出任务,PAGE_ACTION,ADM-EXPORT-001,Exports,R30,export.create,由页面详细动作规格实现；共享组件允许多页面复用,FROZEN
adminExportsGetJobById,ADMIN,GET,/admin-api/v1/export-jobs/{id},导出任务详情,PAGE_ACTION,ADM-EXPORT-001,Exports,R30,export.read,由页面详细动作规格实现；共享组件允许多页面复用,FROZEN
adminExportsPostDownloadToken,ADMIN,POST,/admin-api/v1/export-jobs/{id}/download-token,创建一次性下载令牌,PAGE_ACTION,ADM-EXPORT-001,Exports,R30,export.download,由页面详细动作规格实现；共享组件允许多页面复用,FROZEN
adminSelfGetSecurity,ADMIN,GET,/admin-api/v1/me/security,管理员安全概览,PAGE_ACTION,ADM-SECURITY-001,AdminSelf,R01,admin.self.read,由页面详细动作规格实现；共享组件允许多页面复用,FROZEN
adminSelfPostPasswordChange,ADMIN,POST,/admin-api/v1/me/security/password/change,修改管理员密码,PAGE_ACTION,ADM-SECURITY-001,AdminSelf,R01,admin.self.security,由页面详细动作规格实现；共享组件允许多页面复用,FROZEN
adminSelfPostMfaEnroll,ADMIN,POST,/admin-api/v1/me/security/mfa/enroll,开始绑定MFA,PAGE_ACTION,ADM-SECURITY-001,AdminSelf,R01,admin.self.security,由页面详细动作规格实现；共享组件允许多页面复用,FROZEN
adminSelfPostMfaConfirm,ADMIN,POST,/admin-api/v1/me/security/mfa/confirm,确认绑定MFA,PAGE_ACTION,ADM-SECURITY-001,AdminSelf,R01,admin.self.security,由页面详细动作规格实现；共享组件允许多页面复用,FROZEN
adminSelfPostMfaDisable,ADMIN,POST,/admin-api/v1/me/security/mfa/disable,解绑MFA,PAGE_ACTION,ADM-SECURITY-001,AdminSelf,R01,admin.self.security,由页面详细动作规格实现；共享组件允许多页面复用,FROZEN
