页面ID,平台,路由,允许入口,成功出口,取消/返回,未登录处理,无权限处理,资源不存在处理,深链规则,返回栈规则,成熟度
SCR-APP-001,ANDROID,/splash,从上级页面、导航入口、通知或业务流程进入,按动作成功后导航列执行；未指定时留在当前页并刷新,按导航栈返回；成功流程按动作规格进入结果或详情,保存原目标并进入登录；公开H5除外,展示无权限，不泄露资源存在性；返回安全上级,展示明确空/失效状态并从来源列表移除无效入口,仅允许已登记App Link/内部路由；登录前保存原目标；路由参数校验失败返回模块首页,单一来源栈；回跳页清理敏感参数；弹层关闭恢复焦点,FROZEN_V1.2.2
SCR-APP-002,ANDROID,/maintenance,从上级页面、导航入口、通知或业务流程进入,按动作成功后导航列执行；未指定时留在当前页并刷新,按导航栈返回；成功流程按动作规格进入结果或详情,保存原目标并进入登录；公开H5除外,展示无权限，不泄露资源存在性；返回安全上级,展示明确空/失效状态并从来源列表移除无效入口,仅允许已登记App Link/内部路由；登录前保存原目标；路由参数校验失败返回模块首页,单一来源栈；回跳页清理敏感参数；弹层关闭恢复焦点,FROZEN_V1.2.2
SCR-APP-003,ANDROID,/update,从上级页面、导航入口、通知或业务流程进入,按动作成功后导航列执行；未指定时留在当前页并刷新,按导航栈返回；成功流程按动作规格进入结果或详情,保存原目标并进入登录；公开H5除外,展示无权限，不泄露资源存在性；返回安全上级,展示明确空/失效状态并从来源列表移除无效入口,仅允许已登记App Link/内部路由；登录前保存原目标；路由参数校验失败返回模块首页,单一来源栈；回跳页清理敏感参数；弹层关闭恢复焦点,FROZEN_V1.2.2
SCR-AUTH-001,ANDROID,/login,从上级页面、导航入口、通知或业务流程进入,按动作成功后导航列执行；未指定时留在当前页并刷新,按导航栈返回；成功流程按动作规格进入结果或详情,保存原目标并进入登录；公开H5除外,展示无权限，不泄露资源存在性；返回安全上级,展示明确空/失效状态并从来源列表移除无效入口,仅允许已登记App Link/内部路由；登录前保存原目标；路由参数校验失败返回模块首页,单一来源栈；回跳页清理敏感参数；弹层关闭恢复焦点,FROZEN_V1.2.2
SCR-AUTH-002,ANDROID,/login/sms,从上级页面、导航入口、通知或业务流程进入,按动作成功后导航列执行；未指定时留在当前页并刷新,按导航栈返回；成功流程按动作规格进入结果或详情,保存原目标并进入登录；公开H5除外,展示无权限，不泄露资源存在性；返回安全上级,展示明确空/失效状态并从来源列表移除无效入口,仅允许已登记App Link/内部路由；登录前保存原目标；路由参数校验失败返回模块首页,单一来源栈；回跳页清理敏感参数；弹层关闭恢复焦点,FROZEN_V1.2.2
SCR-AUTH-003,ANDROID,/register,从上级页面、导航入口、通知或业务流程进入,按动作成功后导航列执行；未指定时留在当前页并刷新,按导航栈返回；成功流程按动作规格进入结果或详情,保存原目标并进入登录；公开H5除外,展示无权限，不泄露资源存在性；返回安全上级,展示明确空/失效状态并从来源列表移除无效入口,仅允许已登记App Link/内部路由；登录前保存原目标；路由参数校验失败返回模块首页,单一来源栈；回跳页清理敏感参数；弹层关闭恢复焦点,FROZEN_V1.2.2
SCR-AUTH-004,ANDROID,/password/reset,从上级页面、导航入口、通知或业务流程进入,按动作成功后导航列执行；未指定时留在当前页并刷新,按导航栈返回；成功流程按动作规格进入结果或详情,保存原目标并进入登录；公开H5除外,展示无权限，不泄露资源存在性；返回安全上级,展示明确空/失效状态并从来源列表移除无效入口,仅允许已登记App Link/内部路由；登录前保存原目标；路由参数校验失败返回模块首页,单一来源栈；回跳页清理敏感参数；弹层关闭恢复焦点,FROZEN_V1.2.2
SCR-AUTH-005,ANDROID,/account-blocked,从上级页面、导航入口、通知或业务流程进入,按动作成功后导航列执行；未指定时留在当前页并刷新,按导航栈返回；成功流程按动作规格进入结果或详情,保存原目标并进入登录；公开H5除外,展示无权限，不泄露资源存在性；返回安全上级,展示明确空/失效状态并从来源列表移除无效入口,仅允许已登记App Link/内部路由；登录前保存原目标；路由参数校验失败返回模块首页,单一来源栈；回跳页清理敏感参数；弹层关闭恢复焦点,FROZEN_V1.2.2
SCR-AUTH-006,ANDROID,/me/security/devices,从上级页面、导航入口、通知或业务流程进入,按动作成功后导航列执行；未指定时留在当前页并刷新,按导航栈返回；成功流程按动作规格进入结果或详情,保存原目标并进入登录；公开H5除外,展示无权限，不泄露资源存在性；返回安全上级,展示明确空/失效状态并从来源列表移除无效入口,仅允许已登记App Link/内部路由；登录前保存原目标；路由参数校验失败返回模块首页,单一来源栈；回跳页清理敏感参数；弹层关闭恢复焦点,FROZEN_V1.2.2
SCR-AUTH-007,ANDROID,/me/security/password,从上级页面、导航入口、通知或业务流程进入,按动作成功后导航列执行；未指定时留在当前页并刷新,按导航栈返回；成功流程按动作规格进入结果或详情,保存原目标并进入登录；公开H5除外,展示无权限，不泄露资源存在性；返回安全上级,展示明确空/失效状态并从来源列表移除无效入口,仅允许已登记App Link/内部路由；登录前保存原目标；路由参数校验失败返回模块首页,单一来源栈；回跳页清理敏感参数；弹层关闭恢复焦点,FROZEN_V1.2.2
SCR-AUTH-008,ANDROID,/me/security/cancel,从上级页面、导航入口、通知或业务流程进入,按动作成功后导航列执行；未指定时留在当前页并刷新,按导航栈返回；成功流程按动作规格进入结果或详情,保存原目标并进入登录；公开H5除外,展示无权限，不泄露资源存在性；返回安全上级,展示明确空/失效状态并从来源列表移除无效入口,仅允许已登记App Link/内部路由；登录前保存原目标；路由参数校验失败返回模块首页,单一来源栈；回跳页清理敏感参数；弹层关闭恢复焦点,FROZEN_V1.2.2
SCR-HOME-001,ANDROID,/home,登录后由底部导航、业务通知或深链进入,按动作成功后导航列执行；未指定时留在当前页并刷新,切换底部导航；返回键按应用根导航策略处理,保存原目标并进入登录；公开H5除外,展示无权限，不泄露资源存在性；返回安全上级,展示明确空/失效状态并从来源列表移除无效入口,仅允许已登记App Link/内部路由；登录前保存原目标；路由参数校验失败返回模块首页,单一来源栈；回跳页清理敏感参数；弹层关闭恢复焦点,FROZEN_V1.2.2
SCR-SEARCH-001,ANDROID,/search,从上级页面、导航入口、通知或业务流程进入,按动作成功后导航列执行；未指定时留在当前页并刷新,按导航栈返回；成功流程按动作规格进入结果或详情,保存原目标并进入登录；公开H5除外,展示无权限，不泄露资源存在性；返回安全上级,展示明确空/失效状态并从来源列表移除无效入口,仅允许已登记App Link/内部路由；登录前保存原目标；路由参数校验失败返回模块首页,单一来源栈；回跳页清理敏感参数；弹层关闭恢复焦点,FROZEN_V1.2.2
SCR-SEARCH-002,ANDROID,/search/result,从上级页面、导航入口、通知或业务流程进入,按动作成功后导航列执行；未指定时留在当前页并刷新,按导航栈返回；成功流程按动作规格进入结果或详情,保存原目标并进入登录；公开H5除外,展示无权限，不泄露资源存在性；返回安全上级,展示明确空/失效状态并从来源列表移除无效入口,仅允许已登记App Link/内部路由；登录前保存原目标；路由参数校验失败返回模块首页,单一来源栈；回跳页清理敏感参数；弹层关闭恢复焦点,FROZEN_V1.2.2
SCR-LIST-001,ANDROID,/content/projects,从上级页面、导航入口、通知或业务流程进入,按动作成功后导航列执行；未指定时留在当前页并刷新,按导航栈返回；成功流程按动作规格进入结果或详情,保存原目标并进入登录；公开H5除外,展示无权限，不泄露资源存在性；返回安全上级,展示明确空/失效状态并从来源列表移除无效入口,仅允许已登记App Link/内部路由；登录前保存原目标；路由参数校验失败返回模块首页,单一来源栈；回跳页清理敏感参数；弹层关闭恢复焦点,FROZEN_V1.2.2
SCR-LIST-002,ANDROID,/content/apps,从上级页面、导航入口、通知或业务流程进入,按动作成功后导航列执行；未指定时留在当前页并刷新,按导航栈返回；成功流程按动作规格进入结果或详情,保存原目标并进入登录；公开H5除外,展示无权限，不泄露资源存在性；返回安全上级,展示明确空/失效状态并从来源列表移除无效入口,仅允许已登记App Link/内部路由；登录前保存原目标；路由参数校验失败返回模块首页,单一来源栈；回跳页清理敏感参数；弹层关闭恢复焦点,FROZEN_V1.2.2
SCR-LIST-003,ANDROID,/content/groups,从上级页面、导航入口、通知或业务流程进入,按动作成功后导航列执行；未指定时留在当前页并刷新,按导航栈返回；成功流程按动作规格进入结果或详情,保存原目标并进入登录；公开H5除外,展示无权限，不泄露资源存在性；返回安全上级,展示明确空/失效状态并从来源列表移除无效入口,仅允许已登记App Link/内部路由；登录前保存原目标；路由参数校验失败返回模块首页,单一来源栈；回跳页清理敏感参数；弹层关闭恢复焦点,FROZEN_V1.2.2
SCR-LIST-004,ANDROID,/content/team-leaders,从上级页面、导航入口、通知或业务流程进入,按动作成功后导航列执行；未指定时留在当前页并刷新,按导航栈返回；成功流程按动作规格进入结果或详情,保存原目标并进入登录；公开H5除外,展示无权限，不泄露资源存在性；返回安全上级,展示明确空/失效状态并从来源列表移除无效入口,仅允许已登记App Link/内部路由；登录前保存原目标；路由参数校验失败返回模块首页,单一来源栈；回跳页清理敏感参数；弹层关闭恢复焦点,FROZEN_V1.2.2
SCR-DETAIL-001,ANDROID,/content/project/{id},从列表、通知、分享深链或关联业务入口进入，路由参数必须完整,按动作成功后导航列执行；未指定时留在当前页并刷新,返回来源页并同步资源最新状态；来源失效时回到所属模块首页,保存原目标并进入登录；公开H5除外,展示无权限，不泄露资源存在性；返回安全上级,展示明确空/失效状态并从来源列表移除无效入口,仅允许已登记App Link/内部路由；登录前保存原目标；路由参数校验失败返回模块首页,单一来源栈；回跳页清理敏感参数；弹层关闭恢复焦点,FROZEN_V1.2.2
SCR-DETAIL-002,ANDROID,/content/app/{id},从列表、通知、分享深链或关联业务入口进入，路由参数必须完整,按动作成功后导航列执行；未指定时留在当前页并刷新,返回来源页并同步资源最新状态；来源失效时回到所属模块首页,保存原目标并进入登录；公开H5除外,展示无权限，不泄露资源存在性；返回安全上级,展示明确空/失效状态并从来源列表移除无效入口,仅允许已登记App Link/内部路由；登录前保存原目标；路由参数校验失败返回模块首页,单一来源栈；回跳页清理敏感参数；弹层关闭恢复焦点,FROZEN_V1.2.2
SCR-DETAIL-003,ANDROID,/content/group/{id},从列表、通知、分享深链或关联业务入口进入，路由参数必须完整,按动作成功后导航列执行；未指定时留在当前页并刷新,返回来源页并同步资源最新状态；来源失效时回到所属模块首页,保存原目标并进入登录；公开H5除外,展示无权限，不泄露资源存在性；返回安全上级,展示明确空/失效状态并从来源列表移除无效入口,仅允许已登记App Link/内部路由；登录前保存原目标；路由参数校验失败返回模块首页,单一来源栈；回跳页清理敏感参数；弹层关闭恢复焦点,FROZEN_V1.2.2
SCR-DETAIL-004,ANDROID,/content/team-leader/{id},从列表、通知、分享深链或关联业务入口进入，路由参数必须完整,按动作成功后导航列执行；未指定时留在当前页并刷新,返回来源页并同步资源最新状态；来源失效时回到所属模块首页,保存原目标并进入登录；公开H5除外,展示无权限，不泄露资源存在性；返回安全上级,展示明确空/失效状态并从来源列表移除无效入口,仅允许已登记App Link/内部路由；登录前保存原目标；路由参数校验失败返回模块首页,单一来源栈；回跳页清理敏感参数；弹层关闭恢复焦点,FROZEN_V1.2.2
SCR-PUBLISHER-001,ANDROID,/publisher/{userId},从列表、通知、分享深链或关联业务入口进入，路由参数必须完整,按动作成功后导航列执行；未指定时留在当前页并刷新,返回来源页并同步资源最新状态；来源失效时回到所属模块首页,保存原目标并进入登录；公开H5除外,展示无权限，不泄露资源存在性；返回安全上级,展示明确空/失效状态并从来源列表移除无效入口,仅允许已登记App Link/内部路由；登录前保存原目标；路由参数校验失败返回模块首页,单一来源栈；回跳页清理敏感参数；弹层关闭恢复焦点,FROZEN_V1.2.2
SHEET-CONTACT-001,ANDROID,sheet://contact,由拥有该动作的页面显式打开，携带不可变目标快照,按动作成功后导航列执行；未指定时留在当前页并刷新,成功后向调用页回传结果并关闭；取消恢复触发控件焦点,保存原目标并进入登录；公开H5除外,展示无权限，不泄露资源存在性；返回安全上级,展示明确空/失效状态并从来源列表移除无效入口,禁止外部深链直接打开；必须由受信任调用页创建上下文,单一来源栈；回跳页清理敏感参数；弹层关闭恢复焦点,FROZEN_V1.2.2
SHEET-REPORT-001,ANDROID,sheet://report,由拥有该动作的页面显式打开，携带不可变目标快照,按动作成功后导航列执行；未指定时留在当前页并刷新,成功后向调用页回传结果并关闭；取消恢复触发控件焦点,保存原目标并进入登录；公开H5除外,展示无权限，不泄露资源存在性；返回安全上级,展示明确空/失效状态并从来源列表移除无效入口,禁止外部深链直接打开；必须由受信任调用页创建上下文,单一来源栈；回跳页清理敏感参数；弹层关闭恢复焦点,FROZEN_V1.2.2
SHEET-SHARE-001,ANDROID,sheet://share,由拥有该动作的页面显式打开，携带不可变目标快照,按动作成功后导航列执行；未指定时留在当前页并刷新,成功后向调用页回传结果并关闭；取消恢复触发控件焦点,保存原目标并进入登录；公开H5除外,展示无权限，不泄露资源存在性；返回安全上级,展示明确空/失效状态并从来源列表移除无效入口,禁止外部深链直接打开；必须由受信任调用页创建上下文,单一来源栈；回跳页清理敏感参数；弹层关闭恢复焦点,FROZEN_V1.2.2
SCR-RP-001,ANDROID,/red-packet,登录后由底部导航、业务通知或深链进入,按动作成功后导航列执行；未指定时留在当前页并刷新,切换底部导航；返回键按应用根导航策略处理,保存原目标并进入登录；公开H5除外,展示无权限，不泄露资源存在性；返回安全上级,展示明确空/失效状态并从来源列表移除无效入口,仅允许已登记App Link/内部路由；登录前保存原目标；路由参数校验失败返回模块首页,单一来源栈；回跳页清理敏感参数；弹层关闭恢复焦点,FROZEN_V1.2.2
SCR-RP-002,ANDROID,/red-packet/{id}/eligibility,从列表、通知、分享深链或关联业务入口进入，路由参数必须完整,按动作成功后导航列执行；未指定时留在当前页并刷新,返回来源页并同步资源最新状态；来源失效时回到所属模块首页,保存原目标并进入登录；公开H5除外,展示无权限，不泄露资源存在性；返回安全上级,展示明确空/失效状态并从来源列表移除无效入口,仅允许已登记App Link/内部路由；登录前保存原目标；路由参数校验失败返回模块首页,单一来源栈；回跳页清理敏感参数；弹层关闭恢复焦点,FROZEN_V1.2.2
SCR-RP-003,ANDROID,/red-packet/{id}/view,从列表、通知、分享深链或关联业务入口进入，路由参数必须完整,按动作成功后导航列执行；未指定时留在当前页并刷新,返回来源页并同步资源最新状态；来源失效时回到所属模块首页,保存原目标并进入登录；公开H5除外,展示无权限，不泄露资源存在性；返回安全上级,展示明确空/失效状态并从来源列表移除无效入口,仅允许已登记App Link/内部路由；登录前保存原目标；路由参数校验失败返回模块首页,单一来源栈；回跳页清理敏感参数；弹层关闭恢复焦点,FROZEN_V1.2.2
SHEET-RP-001,ANDROID,sheet://red-packet-claim,由拥有该动作的页面显式打开，携带不可变目标快照,按动作成功后导航列执行；未指定时留在当前页并刷新,成功后向调用页回传结果并关闭；取消恢复触发控件焦点,保存原目标并进入登录；公开H5除外,展示无权限，不泄露资源存在性；返回安全上级,展示明确空/失效状态并从来源列表移除无效入口,禁止外部深链直接打开；必须由受信任调用页创建上下文,单一来源栈；回跳页清理敏感参数；弹层关闭恢复焦点,FROZEN_V1.2.2
SCR-RP-004,ANDROID,/me/rewards/red-packets,从上级页面、导航入口、通知或业务流程进入,按动作成功后导航列执行；未指定时留在当前页并刷新,按导航栈返回；成功流程按动作规格进入结果或详情,保存原目标并进入登录；公开H5除外,展示无权限，不泄露资源存在性；返回安全上级,展示明确空/失效状态并从来源列表移除无效入口,仅允许已登记App Link/内部路由；登录前保存原目标；路由参数校验失败返回模块首页,单一来源栈；回跳页清理敏感参数；弹层关闭恢复焦点,FROZEN_V1.2.2
SCR-RP-ADV-001,ANDROID,/me/red-packet-campaigns,从上级页面、导航入口、通知或业务流程进入,按动作成功后导航列执行；未指定时留在当前页并刷新,按导航栈返回；成功流程按动作规格进入结果或详情,保存原目标并进入登录；公开H5除外,展示无权限，不泄露资源存在性；返回安全上级,展示明确空/失效状态并从来源列表移除无效入口,仅允许已登记App Link/内部路由；登录前保存原目标；路由参数校验失败返回模块首页,单一来源栈；回跳页清理敏感参数；弹层关闭恢复焦点,FROZEN_V1.2.2
SCR-RP-ADV-002,ANDROID,/me/red-packet-campaigns/create,从上级页面、导航入口、通知或业务流程进入,按动作成功后导航列执行；未指定时留在当前页并刷新,按导航栈返回；成功流程按动作规格进入结果或详情,保存原目标并进入登录；公开H5除外,展示无权限，不泄露资源存在性；返回安全上级,展示明确空/失效状态并从来源列表移除无效入口,仅允许已登记App Link/内部路由；登录前保存原目标；路由参数校验失败返回模块首页,单一来源栈；回跳页清理敏感参数；弹层关闭恢复焦点,FROZEN_V1.2.2
SCR-RP-ADV-003,ANDROID,/me/red-packet-campaigns/{id}/review,从列表、通知、分享深链或关联业务入口进入，路由参数必须完整,按动作成功后导航列执行；未指定时留在当前页并刷新,返回来源页并同步资源最新状态；来源失效时回到所属模块首页,保存原目标并进入登录；公开H5除外,展示无权限，不泄露资源存在性；返回安全上级,展示明确空/失效状态并从来源列表移除无效入口,仅允许已登记App Link/内部路由；登录前保存原目标；路由参数校验失败返回模块首页,单一来源栈；回跳页清理敏感参数；弹层关闭恢复焦点,FROZEN_V1.2.2
SCR-RP-ADV-004,ANDROID,/me/red-packet-campaigns/{id}/quote,从列表、通知、分享深链或关联业务入口进入，路由参数必须完整,按动作成功后导航列执行；未指定时留在当前页并刷新,返回来源页并同步资源最新状态；来源失效时回到所属模块首页,保存原目标并进入登录；公开H5除外,展示无权限，不泄露资源存在性；返回安全上级,展示明确空/失效状态并从来源列表移除无效入口,仅允许已登记App Link/内部路由；登录前保存原目标；路由参数校验失败返回模块首页,单一来源栈；回跳页清理敏感参数；弹层关闭恢复焦点,FROZEN_V1.2.2
SCR-RP-ADV-005,ANDROID,/me/red-packet-campaigns/{id},从列表、通知、分享深链或关联业务入口进入，路由参数必须完整,按动作成功后导航列执行；未指定时留在当前页并刷新,返回来源页并同步资源最新状态；来源失效时回到所属模块首页,保存原目标并进入登录；公开H5除外,展示无权限，不泄露资源存在性；返回安全上级,展示明确空/失效状态并从来源列表移除无效入口,仅允许已登记App Link/内部路由；登录前保存原目标；路由参数校验失败返回模块首页,单一来源栈；回跳页清理敏感参数；弹层关闭恢复焦点,FROZEN_V1.2.2
SCR-RP-ADV-006,ANDROID,/me/red-packet-campaigns/{id}/increase,从列表、通知、分享深链或关联业务入口进入，路由参数必须完整,按动作成功后导航列执行；未指定时留在当前页并刷新,返回来源页并同步资源最新状态；来源失效时回到所属模块首页,保存原目标并进入登录；公开H5除外,展示无权限，不泄露资源存在性；返回安全上级,展示明确空/失效状态并从来源列表移除无效入口,仅允许已登记App Link/内部路由；登录前保存原目标；路由参数校验失败返回模块首页,单一来源栈；回跳页清理敏感参数；弹层关闭恢复焦点,FROZEN_V1.2.2
SCR-PUB-001,ANDROID,/publish,从上级页面、导航入口、通知或业务流程进入,按动作成功后导航列执行；未指定时留在当前页并刷新,按导航栈返回；成功流程按动作规格进入结果或详情,保存原目标并进入登录；公开H5除外,展示无权限，不泄露资源存在性；返回安全上级,展示明确空/失效状态并从来源列表移除无效入口,仅允许已登记App Link/内部路由；登录前保存原目标；路由参数校验失败返回模块首页,单一来源栈；回跳页清理敏感参数；弹层关闭恢复焦点,FROZEN_V1.2.2
SCR-PUB-002,ANDROID,/publish/project/{id?},从列表、通知、分享深链或关联业务入口进入，路由参数必须完整,按动作成功后导航列执行；未指定时留在当前页并刷新,返回来源页并同步资源最新状态；来源失效时回到所属模块首页,保存原目标并进入登录；公开H5除外,展示无权限，不泄露资源存在性；返回安全上级,展示明确空/失效状态并从来源列表移除无效入口,仅允许已登记App Link/内部路由；登录前保存原目标；路由参数校验失败返回模块首页,单一来源栈；回跳页清理敏感参数；弹层关闭恢复焦点,FROZEN_V1.2.2
SCR-PUB-003,ANDROID,/publish/app/{id?},从列表、通知、分享深链或关联业务入口进入，路由参数必须完整,按动作成功后导航列执行；未指定时留在当前页并刷新,返回来源页并同步资源最新状态；来源失效时回到所属模块首页,保存原目标并进入登录；公开H5除外,展示无权限，不泄露资源存在性；返回安全上级,展示明确空/失效状态并从来源列表移除无效入口,仅允许已登记App Link/内部路由；登录前保存原目标；路由参数校验失败返回模块首页,单一来源栈；回跳页清理敏感参数；弹层关闭恢复焦点,FROZEN_V1.2.2
SCR-PUB-004,ANDROID,/publish/group/{id?},从列表、通知、分享深链或关联业务入口进入，路由参数必须完整,按动作成功后导航列执行；未指定时留在当前页并刷新,返回来源页并同步资源最新状态；来源失效时回到所属模块首页,保存原目标并进入登录；公开H5除外,展示无权限，不泄露资源存在性；返回安全上级,展示明确空/失效状态并从来源列表移除无效入口,仅允许已登记App Link/内部路由；登录前保存原目标；路由参数校验失败返回模块首页,单一来源栈；回跳页清理敏感参数；弹层关闭恢复焦点,FROZEN_V1.2.2
SCR-PUB-005,ANDROID,/publish/team-leader,从上级页面、导航入口、通知或业务流程进入,按动作成功后导航列执行；未指定时留在当前页并刷新,按导航栈返回；成功流程按动作规格进入结果或详情,保存原目标并进入登录；公开H5除外,展示无权限，不泄露资源存在性；返回安全上级,展示明确空/失效状态并从来源列表移除无效入口,仅允许已登记App Link/内部路由；登录前保存原目标；路由参数校验失败返回模块首页,单一来源栈；回跳页清理敏感参数；弹层关闭恢复焦点,FROZEN_V1.2.2
SCR-PUB-006,ANDROID,/publish/preview,从上级页面、导航入口、通知或业务流程进入,按动作成功后导航列执行；未指定时留在当前页并刷新,按导航栈返回；成功流程按动作规格进入结果或详情,保存原目标并进入登录；公开H5除外,展示无权限，不泄露资源存在性；返回安全上级,展示明确空/失效状态并从来源列表移除无效入口,仅允许已登记App Link/内部路由；登录前保存原目标；路由参数校验失败返回模块首页,单一来源栈；回跳页清理敏感参数；弹层关闭恢复焦点,FROZEN_V1.2.2
SCR-PUB-007,ANDROID,/publish/result,从上级页面、导航入口、通知或业务流程进入,按动作成功后导航列执行；未指定时留在当前页并刷新,按导航栈返回；成功流程按动作规格进入结果或详情,保存原目标并进入登录；公开H5除外,展示无权限，不泄露资源存在性；返回安全上级,展示明确空/失效状态并从来源列表移除无效入口,仅允许已登记App Link/内部路由；登录前保存原目标；路由参数校验失败返回模块首页,单一来源栈；回跳页清理敏感参数；弹层关闭恢复焦点,FROZEN_V1.2.2
SCR-MYC-001,ANDROID,/me/contents,从上级页面、导航入口、通知或业务流程进入,按动作成功后导航列执行；未指定时留在当前页并刷新,按导航栈返回；成功流程按动作规格进入结果或详情,保存原目标并进入登录；公开H5除外,展示无权限，不泄露资源存在性；返回安全上级,展示明确空/失效状态并从来源列表移除无效入口,仅允许已登记App Link/内部路由；登录前保存原目标；路由参数校验失败返回模块首页,单一来源栈；回跳页清理敏感参数；弹层关闭恢复焦点,FROZEN_V1.2.2
SCR-MYC-002,ANDROID,/me/drafts,从上级页面、导航入口、通知或业务流程进入,按动作成功后导航列执行；未指定时留在当前页并刷新,按导航栈返回；成功流程按动作规格进入结果或详情,保存原目标并进入登录；公开H5除外,展示无权限，不泄露资源存在性；返回安全上级,展示明确空/失效状态并从来源列表移除无效入口,仅允许已登记App Link/内部路由；登录前保存原目标；路由参数校验失败返回模块首页,单一来源栈；回跳页清理敏感参数；弹层关闭恢复焦点,FROZEN_V1.2.2
SCR-MYC-003,ANDROID,/me/contents/{id},从列表、通知、分享深链或关联业务入口进入，路由参数必须完整,按动作成功后导航列执行；未指定时留在当前页并刷新,返回来源页并同步资源最新状态；来源失效时回到所属模块首页,保存原目标并进入登录；公开H5除外,展示无权限，不泄露资源存在性；返回安全上级,展示明确空/失效状态并从来源列表移除无效入口,仅允许已登记App Link/内部路由；登录前保存原目标；路由参数校验失败返回模块首页,单一来源栈；回跳页清理敏感参数；弹层关闭恢复焦点,FROZEN_V1.2.2
SCR-MYC-004,ANDROID,/me/contents/{id}/reviews,从列表、通知、分享深链或关联业务入口进入，路由参数必须完整,按动作成功后导航列执行；未指定时留在当前页并刷新,返回来源页并同步资源最新状态；来源失效时回到所属模块首页,保存原目标并进入登录；公开H5除外,展示无权限，不泄露资源存在性；返回安全上级,展示明确空/失效状态并从来源列表移除无效入口,仅允许已登记App Link/内部路由；登录前保存原目标；路由参数校验失败返回模块首页,单一来源栈；回跳页清理敏感参数；弹层关闭恢复焦点,FROZEN_V1.2.2
SCR-MYC-005,ANDROID,/me/contents/{id}/analytics,从列表、通知、分享深链或关联业务入口进入，路由参数必须完整,按动作成功后导航列执行；未指定时留在当前页并刷新,返回来源页并同步资源最新状态；来源失效时回到所属模块首页,保存原目标并进入登录；公开H5除外,展示无权限，不泄露资源存在性；返回安全上级,展示明确空/失效状态并从来源列表移除无效入口,仅允许已登记App Link/内部路由；登录前保存原目标；路由参数校验失败返回模块首页,单一来源栈；回跳页清理敏感参数；弹层关闭恢复焦点,FROZEN_V1.2.2
SCR-MSG-001,ANDROID,/messages,登录后由底部导航、业务通知或深链进入,按动作成功后导航列执行；未指定时留在当前页并刷新,切换底部导航；返回键按应用根导航策略处理,保存原目标并进入登录；公开H5除外,展示无权限，不泄露资源存在性；返回安全上级,展示明确空/失效状态并从来源列表移除无效入口,仅允许已登记App Link/内部路由；登录前保存原目标；路由参数校验失败返回模块首页,单一来源栈；回跳页清理敏感参数；弹层关闭恢复焦点,FROZEN_V1.2.2
SCR-CHAT-001,ANDROID,/messages/chats,从上级页面、导航入口、通知或业务流程进入,按动作成功后导航列执行；未指定时留在当前页并刷新,按导航栈返回；成功流程按动作规格进入结果或详情,保存原目标并进入登录；公开H5除外,展示无权限，不泄露资源存在性；返回安全上级,展示明确空/失效状态并从来源列表移除无效入口,仅允许已登记App Link/内部路由；登录前保存原目标；路由参数校验失败返回模块首页,单一来源栈；回跳页清理敏感参数；弹层关闭恢复焦点,FROZEN_V1.2.2
SCR-CHAT-002,ANDROID,/messages/chat/{conversationId},从列表、通知、分享深链或关联业务入口进入，路由参数必须完整,按动作成功后导航列执行；未指定时留在当前页并刷新,返回来源页并同步资源最新状态；来源失效时回到所属模块首页,保存原目标并进入登录；公开H5除外,展示无权限，不泄露资源存在性；返回安全上级,展示明确空/失效状态并从来源列表移除无效入口,仅允许已登记App Link/内部路由；登录前保存原目标；路由参数校验失败返回模块首页,单一来源栈；回跳页清理敏感参数；弹层关闭恢复焦点,FROZEN_V1.2.2
SHEET-CHAT-001,ANDROID,sheet://chat-contact,由拥有该动作的页面显式打开，携带不可变目标快照,按动作成功后导航列执行；未指定时留在当前页并刷新,成功后向调用页回传结果并关闭；取消恢复触发控件焦点,保存原目标并进入登录；公开H5除外,展示无权限，不泄露资源存在性；返回安全上级,展示明确空/失效状态并从来源列表移除无效入口,禁止外部深链直接打开；必须由受信任调用页创建上下文,单一来源栈；回跳页清理敏感参数；弹层关闭恢复焦点,FROZEN_V1.2.2
SHEET-CHAT-002,ANDROID,sheet://chat-report,由拥有该动作的页面显式打开，携带不可变目标快照,按动作成功后导航列执行；未指定时留在当前页并刷新,成功后向调用页回传结果并关闭；取消恢复触发控件焦点,保存原目标并进入登录；公开H5除外,展示无权限，不泄露资源存在性；返回安全上级,展示明确空/失效状态并从来源列表移除无效入口,禁止外部深链直接打开；必须由受信任调用页创建上下文,单一来源栈；回跳页清理敏感参数；弹层关闭恢复焦点,FROZEN_V1.2.2
SCR-NOTICE-001,ANDROID,/messages/notifications,从上级页面、导航入口、通知或业务流程进入,按动作成功后导航列执行；未指定时留在当前页并刷新,按导航栈返回；成功流程按动作规格进入结果或详情,保存原目标并进入登录；公开H5除外,展示无权限，不泄露资源存在性；返回安全上级,展示明确空/失效状态并从来源列表移除无效入口,仅允许已登记App Link/内部路由；登录前保存原目标；路由参数校验失败返回模块首页,单一来源栈；回跳页清理敏感参数；弹层关闭恢复焦点,FROZEN_V1.2.2
SCR-NOTICE-002,ANDROID,/messages/notifications/{id},从列表、通知、分享深链或关联业务入口进入，路由参数必须完整,按动作成功后导航列执行；未指定时留在当前页并刷新,返回来源页并同步资源最新状态；来源失效时回到所属模块首页,保存原目标并进入登录；公开H5除外,展示无权限，不泄露资源存在性；返回安全上级,展示明确空/失效状态并从来源列表移除无效入口,仅允许已登记App Link/内部路由；登录前保存原目标；路由参数校验失败返回模块首页,单一来源栈；回跳页清理敏感参数；弹层关闭恢复焦点,FROZEN_V1.2.2
SCR-ANN-001,ANDROID,/messages/announcements,从上级页面、导航入口、通知或业务流程进入,按动作成功后导航列执行；未指定时留在当前页并刷新,按导航栈返回；成功流程按动作规格进入结果或详情,保存原目标并进入登录；公开H5除外,展示无权限，不泄露资源存在性；返回安全上级,展示明确空/失效状态并从来源列表移除无效入口,仅允许已登记App Link/内部路由；登录前保存原目标；路由参数校验失败返回模块首页,单一来源栈；回跳页清理敏感参数；弹层关闭恢复焦点,FROZEN_V1.2.2
SCR-ANN-002,ANDROID,/messages/announcements/{id},从列表、通知、分享深链或关联业务入口进入，路由参数必须完整,按动作成功后导航列执行；未指定时留在当前页并刷新,返回来源页并同步资源最新状态；来源失效时回到所属模块首页,保存原目标并进入登录；公开H5除外,展示无权限，不泄露资源存在性；返回安全上级,展示明确空/失效状态并从来源列表移除无效入口,仅允许已登记App Link/内部路由；登录前保存原目标；路由参数校验失败返回模块首页,单一来源栈；回跳页清理敏感参数；弹层关闭恢复焦点,FROZEN_V1.2.2
SCR-ME-001,ANDROID,/me,登录后由底部导航、业务通知或深链进入,按动作成功后导航列执行；未指定时留在当前页并刷新,切换底部导航；返回键按应用根导航策略处理,保存原目标并进入登录；公开H5除外,展示无权限，不泄露资源存在性；返回安全上级,展示明确空/失效状态并从来源列表移除无效入口,仅允许已登记App Link/内部路由；登录前保存原目标；路由参数校验失败返回模块首页,单一来源栈；回跳页清理敏感参数；弹层关闭恢复焦点,FROZEN_V1.2.2
SCR-ME-002,ANDROID,/me/profile,从上级页面、导航入口、通知或业务流程进入,按动作成功后导航列执行；未指定时留在当前页并刷新,按导航栈返回；成功流程按动作规格进入结果或详情,保存原目标并进入登录；公开H5除外,展示无权限，不泄露资源存在性；返回安全上级,展示明确空/失效状态并从来源列表移除无效入口,仅允许已登记App Link/内部路由；登录前保存原目标；路由参数校验失败返回模块首页,单一来源栈；回跳页清理敏感参数；弹层关闭恢复焦点,FROZEN_V1.2.2
SCR-FAV-001,ANDROID,/me/favorites,从上级页面、导航入口、通知或业务流程进入,按动作成功后导航列执行；未指定时留在当前页并刷新,按导航栈返回；成功流程按动作规格进入结果或详情,保存原目标并进入登录；公开H5除外,展示无权限，不泄露资源存在性；返回安全上级,展示明确空/失效状态并从来源列表移除无效入口,仅允许已登记App Link/内部路由；登录前保存原目标；路由参数校验失败返回模块首页,单一来源栈；回跳页清理敏感参数；弹层关闭恢复焦点,FROZEN_V1.2.2
SCR-HIS-001,ANDROID,/me/history,从上级页面、导航入口、通知或业务流程进入,按动作成功后导航列执行；未指定时留在当前页并刷新,按导航栈返回；成功流程按动作规格进入结果或详情,保存原目标并进入登录；公开H5除外,展示无权限，不泄露资源存在性；返回安全上级,展示明确空/失效状态并从来源列表移除无效入口,仅允许已登记App Link/内部路由；登录前保存原目标；路由参数校验失败返回模块首页,单一来源栈；回跳页清理敏感参数；弹层关闭恢复焦点,FROZEN_V1.2.2
SCR-ORDER-001,ANDROID,/me/orders,从上级页面、导航入口、通知或业务流程进入,按动作成功后导航列执行；未指定时留在当前页并刷新,按导航栈返回；成功流程按动作规格进入结果或详情,保存原目标并进入登录；公开H5除外,展示无权限，不泄露资源存在性；返回安全上级,展示明确空/失效状态并从来源列表移除无效入口,仅允许已登记App Link/内部路由；登录前保存原目标；路由参数校验失败返回模块首页,单一来源栈；回跳页清理敏感参数；弹层关闭恢复焦点,FROZEN_V1.2.2
SCR-ORDER-002,ANDROID,/me/orders/{id},从列表、通知、分享深链或关联业务入口进入，路由参数必须完整,按动作成功后导航列执行；未指定时留在当前页并刷新,返回来源页并同步资源最新状态；来源失效时回到所属模块首页,保存原目标并进入登录；公开H5除外,展示无权限，不泄露资源存在性；返回安全上级,展示明确空/失效状态并从来源列表移除无效入口,仅允许已登记App Link/内部路由；登录前保存原目标；路由参数校验失败返回模块首页,单一来源栈；回跳页清理敏感参数；弹层关闭恢复焦点,FROZEN_V1.2.2
SCR-MEMBER-001,ANDROID,/me/membership,从上级页面、导航入口、通知或业务流程进入,按动作成功后导航列执行；未指定时留在当前页并刷新,按导航栈返回；成功流程按动作规格进入结果或详情,保存原目标并进入登录；公开H5除外,展示无权限，不泄露资源存在性；返回安全上级,展示明确空/失效状态并从来源列表移除无效入口,仅允许已登记App Link/内部路由；登录前保存原目标；路由参数校验失败返回模块首页,单一来源栈；回跳页清理敏感参数；弹层关闭恢复焦点,FROZEN_V1.2.2
SCR-MEMBER-002,ANDROID,/me/membership/buy/{skuId},从列表、通知、分享深链或关联业务入口进入，路由参数必须完整,按动作成功后导航列执行；未指定时留在当前页并刷新,返回来源页并同步资源最新状态；来源失效时回到所属模块首页,保存原目标并进入登录；公开H5除外,展示无权限，不泄露资源存在性；返回安全上级,展示明确空/失效状态并从来源列表移除无效入口,仅允许已登记App Link/内部路由；登录前保存原目标；路由参数校验失败返回模块首页,单一来源栈；回跳页清理敏感参数；弹层关闭恢复焦点,FROZEN_V1.2.2
SCR-MEMBER-003,ANDROID,/me/membership/upgrade,从上级页面、导航入口、通知或业务流程进入,按动作成功后导航列执行；未指定时留在当前页并刷新,按导航栈返回；成功流程按动作规格进入结果或详情,保存原目标并进入登录；公开H5除外,展示无权限，不泄露资源存在性；返回安全上级,展示明确空/失效状态并从来源列表移除无效入口,仅允许已登记App Link/内部路由；登录前保存原目标；路由参数校验失败返回模块首页,单一来源栈；回跳页清理敏感参数；弹层关闭恢复焦点,FROZEN_V1.2.2
SCR-MEMBER-004,ANDROID,/me/membership/benefits,从上级页面、导航入口、通知或业务流程进入,按动作成功后导航列执行；未指定时留在当前页并刷新,按导航栈返回；成功流程按动作规格进入结果或详情,保存原目标并进入登录；公开H5除外,展示无权限，不泄露资源存在性；返回安全上级,展示明确空/失效状态并从来源列表移除无效入口,仅允许已登记App Link/内部路由；登录前保存原目标；路由参数校验失败返回模块首页,单一来源栈；回跳页清理敏感参数；弹层关闭恢复焦点,FROZEN_V1.2.2
SCR-PROP-001,ANDROID,/me/props/store,从上级页面、导航入口、通知或业务流程进入,按动作成功后导航列执行；未指定时留在当前页并刷新,按导航栈返回；成功流程按动作规格进入结果或详情,保存原目标并进入登录；公开H5除外,展示无权限，不泄露资源存在性；返回安全上级,展示明确空/失效状态并从来源列表移除无效入口,仅允许已登记App Link/内部路由；登录前保存原目标；路由参数校验失败返回模块首页,单一来源栈；回跳页清理敏感参数；弹层关闭恢复焦点,FROZEN_V1.2.2
SCR-PROP-002,ANDROID,/me/props,从上级页面、导航入口、通知或业务流程进入,按动作成功后导航列执行；未指定时留在当前页并刷新,按导航栈返回；成功流程按动作规格进入结果或详情,保存原目标并进入登录；公开H5除外,展示无权限，不泄露资源存在性；返回安全上级,展示明确空/失效状态并从来源列表移除无效入口,仅允许已登记App Link/内部路由；登录前保存原目标；路由参数校验失败返回模块首页,单一来源栈；回跳页清理敏感参数；弹层关闭恢复焦点,FROZEN_V1.2.2
SCR-PROP-003,ANDROID,/me/props/use/{id},从列表、通知、分享深链或关联业务入口进入，路由参数必须完整,按动作成功后导航列执行；未指定时留在当前页并刷新,返回来源页并同步资源最新状态；来源失效时回到所属模块首页,保存原目标并进入登录；公开H5除外,展示无权限，不泄露资源存在性；返回安全上级,展示明确空/失效状态并从来源列表移除无效入口,仅允许已登记App Link/内部路由；登录前保存原目标；路由参数校验失败返回模块首页,单一来源栈；回跳页清理敏感参数；弹层关闭恢复焦点,FROZEN_V1.2.2
SCR-REF-001,ANDROID,/me/referral,从上级页面、导航入口、通知或业务流程进入,按动作成功后导航列执行；未指定时留在当前页并刷新,按导航栈返回；成功流程按动作规格进入结果或详情,保存原目标并进入登录；公开H5除外,展示无权限，不泄露资源存在性；返回安全上级,展示明确空/失效状态并从来源列表移除无效入口,仅允许已登记App Link/内部路由；登录前保存原目标；路由参数校验失败返回模块首页,单一来源栈；回跳页清理敏感参数；弹层关闭恢复焦点,FROZEN_V1.2.2
SCR-REF-002,ANDROID,/me/referral/invite,从上级页面、导航入口、通知或业务流程进入,按动作成功后导航列执行；未指定时留在当前页并刷新,按导航栈返回；成功流程按动作规格进入结果或详情,保存原目标并进入登录；公开H5除外,展示无权限，不泄露资源存在性；返回安全上级,展示明确空/失效状态并从来源列表移除无效入口,仅允许已登记App Link/内部路由；登录前保存原目标；路由参数校验失败返回模块首页,单一来源栈；回跳页清理敏感参数；弹层关闭恢复焦点,FROZEN_V1.2.2
SCR-REF-003,ANDROID,/me/referral/posters,从上级页面、导航入口、通知或业务流程进入,按动作成功后导航列执行；未指定时留在当前页并刷新,按导航栈返回；成功流程按动作规格进入结果或详情,保存原目标并进入登录；公开H5除外,展示无权限，不泄露资源存在性；返回安全上级,展示明确空/失效状态并从来源列表移除无效入口,仅允许已登记App Link/内部路由；登录前保存原目标；路由参数校验失败返回模块首页,单一来源栈；回跳页清理敏感参数；弹层关闭恢复焦点,FROZEN_V1.2.2
SCR-REF-004,ANDROID,/me/referral/direct,从上级页面、导航入口、通知或业务流程进入,按动作成功后导航列执行；未指定时留在当前页并刷新,按导航栈返回；成功流程按动作规格进入结果或详情,保存原目标并进入登录；公开H5除外,展示无权限，不泄露资源存在性；返回安全上级,展示明确空/失效状态并从来源列表移除无效入口,仅允许已登记App Link/内部路由；登录前保存原目标；路由参数校验失败返回模块首页,单一来源栈；回跳页清理敏感参数；弹层关闭恢复焦点,FROZEN_V1.2.2
SCR-REF-005,ANDROID,/me/referral/level2,从上级页面、导航入口、通知或业务流程进入,按动作成功后导航列执行；未指定时留在当前页并刷新,按导航栈返回；成功流程按动作规格进入结果或详情,保存原目标并进入登录；公开H5除外,展示无权限，不泄露资源存在性；返回安全上级,展示明确空/失效状态并从来源列表移除无效入口,仅允许已登记App Link/内部路由；登录前保存原目标；路由参数校验失败返回模块首页,单一来源栈；回跳页清理敏感参数；弹层关闭恢复焦点,FROZEN_V1.2.2
SCR-REF-006,ANDROID,/me/referral/commissions,从上级页面、导航入口、通知或业务流程进入,按动作成功后导航列执行；未指定时留在当前页并刷新,按导航栈返回；成功流程按动作规格进入结果或详情,保存原目标并进入登录；公开H5除外,展示无权限，不泄露资源存在性；返回安全上级,展示明确空/失效状态并从来源列表移除无效入口,仅允许已登记App Link/内部路由；登录前保存原目标；路由参数校验失败返回模块首页,单一来源栈；回跳页清理敏感参数；弹层关闭恢复焦点,FROZEN_V1.2.2
SCR-REF-007,ANDROID,/me/referral/activity-rewards,从上级页面、导航入口、通知或业务流程进入,按动作成功后导航列执行；未指定时留在当前页并刷新,按导航栈返回；成功流程按动作规格进入结果或详情,保存原目标并进入登录；公开H5除外,展示无权限，不泄露资源存在性；返回安全上级,展示明确空/失效状态并从来源列表移除无效入口,仅允许已登记App Link/内部路由；登录前保存原目标；路由参数校验失败返回模块首页,单一来源栈；回跳页清理敏感参数；弹层关闭恢复焦点,FROZEN_V1.2.2
SCR-REF-008,ANDROID,/me/referral/rules,从上级页面、导航入口、通知或业务流程进入,按动作成功后导航列执行；未指定时留在当前页并刷新,按导航栈返回；成功流程按动作规格进入结果或详情,保存原目标并进入登录；公开H5除外,展示无权限，不泄露资源存在性；返回安全上级,展示明确空/失效状态并从来源列表移除无效入口,仅允许已登记App Link/内部路由；登录前保存原目标；路由参数校验失败返回模块首页,单一来源栈；回跳页清理敏感参数；弹层关闭恢复焦点,FROZEN_V1.2.2
SCR-TASK-001,ANDROID,/me/tasks,从上级页面、导航入口、通知或业务流程进入,按动作成功后导航列执行；未指定时留在当前页并刷新,按导航栈返回；成功流程按动作规格进入结果或详情,保存原目标并进入登录；公开H5除外,展示无权限，不泄露资源存在性；返回安全上级,展示明确空/失效状态并从来源列表移除无效入口,仅允许已登记App Link/内部路由；登录前保存原目标；路由参数校验失败返回模块首页,单一来源栈；回跳页清理敏感参数；弹层关闭恢复焦点,FROZEN_V1.2.2
SCR-TASK-002,ANDROID,/me/tasks/points,从上级页面、导航入口、通知或业务流程进入,按动作成功后导航列执行；未指定时留在当前页并刷新,按导航栈返回；成功流程按动作规格进入结果或详情,保存原目标并进入登录；公开H5除外,展示无权限，不泄露资源存在性；返回安全上级,展示明确空/失效状态并从来源列表移除无效入口,仅允许已登记App Link/内部路由；登录前保存原目标；路由参数校验失败返回模块首页,单一来源栈；回跳页清理敏感参数；弹层关闭恢复焦点,FROZEN_V1.2.2
SCR-REWARD-001,ANDROID,/me/rewards,从上级页面、导航入口、通知或业务流程进入,按动作成功后导航列执行；未指定时留在当前页并刷新,按导航栈返回；成功流程按动作规格进入结果或详情,保存原目标并进入登录；公开H5除外,展示无权限，不泄露资源存在性；返回安全上级,展示明确空/失效状态并从来源列表移除无效入口,仅允许已登记App Link/内部路由；登录前保存原目标；路由参数校验失败返回模块首页,单一来源栈；回跳页清理敏感参数；弹层关闭恢复焦点,FROZEN_V1.2.2
SCR-REWARD-002,ANDROID,/me/rewards/ledger,从上级页面、导航入口、通知或业务流程进入,按动作成功后导航列执行；未指定时留在当前页并刷新,按导航栈返回；成功流程按动作规格进入结果或详情,保存原目标并进入登录；公开H5除外,展示无权限，不泄露资源存在性；返回安全上级,展示明确空/失效状态并从来源列表移除无效入口,仅允许已登记App Link/内部路由；登录前保存原目标；路由参数校验失败返回模块首页,单一来源栈；回跳页清理敏感参数；弹层关闭恢复焦点,FROZEN_V1.2.2
SCR-WD-001,ANDROID,/me/withdrawal/account,从上级页面、导航入口、通知或业务流程进入,按动作成功后导航列执行；未指定时留在当前页并刷新,按导航栈返回；成功流程按动作规格进入结果或详情,保存原目标并进入登录；公开H5除外,展示无权限，不泄露资源存在性；返回安全上级,展示明确空/失效状态并从来源列表移除无效入口,仅允许已登记App Link/内部路由；登录前保存原目标；路由参数校验失败返回模块首页,单一来源栈；回跳页清理敏感参数；弹层关闭恢复焦点,FROZEN_V1.2.2
SCR-WD-002,ANDROID,/me/withdrawal/create,从上级页面、导航入口、通知或业务流程进入,按动作成功后导航列执行；未指定时留在当前页并刷新,按导航栈返回；成功流程按动作规格进入结果或详情,保存原目标并进入登录；公开H5除外,展示无权限，不泄露资源存在性；返回安全上级,展示明确空/失效状态并从来源列表移除无效入口,仅允许已登记App Link/内部路由；登录前保存原目标；路由参数校验失败返回模块首页,单一来源栈；回跳页清理敏感参数；弹层关闭恢复焦点,FROZEN_V1.2.2
SCR-WD-003,ANDROID,/me/withdrawal/history,从上级页面、导航入口、通知或业务流程进入,按动作成功后导航列执行；未指定时留在当前页并刷新,按导航栈返回；成功流程按动作规格进入结果或详情,保存原目标并进入登录；公开H5除外,展示无权限，不泄露资源存在性；返回安全上级,展示明确空/失效状态并从来源列表移除无效入口,仅允许已登记App Link/内部路由；登录前保存原目标；路由参数校验失败返回模块首页,单一来源栈；回跳页清理敏感参数；弹层关闭恢复焦点,FROZEN_V1.2.2
SCR-ID-001,ANDROID,/me/identity,从上级页面、导航入口、通知或业务流程进入,按动作成功后导航列执行；未指定时留在当前页并刷新,按导航栈返回；成功流程按动作规格进入结果或详情,保存原目标并进入登录；公开H5除外,展示无权限，不泄露资源存在性；返回安全上级,展示明确空/失效状态并从来源列表移除无效入口,仅允许已登记App Link/内部路由；登录前保存原目标；路由参数校验失败返回模块首页,单一来源栈；回跳页清理敏感参数；弹层关闭恢复焦点,FROZEN_V1.2.2
SCR-ID-002,ANDROID,/me/identity/form,从上级页面、导航入口、通知或业务流程进入,按动作成功后导航列执行；未指定时留在当前页并刷新,按导航栈返回；成功流程按动作规格进入结果或详情,保存原目标并进入登录；公开H5除外,展示无权限，不泄露资源存在性；返回安全上级,展示明确空/失效状态并从来源列表移除无效入口,仅允许已登记App Link/内部路由；登录前保存原目标；路由参数校验失败返回模块首页,单一来源栈；回跳页清理敏感参数；弹层关闭恢复焦点,FROZEN_V1.2.2
SCR-ID-003,ANDROID,/me/identity/liveness,从上级页面、导航入口、通知或业务流程进入,按动作成功后导航列执行；未指定时留在当前页并刷新,按导航栈返回；成功流程按动作规格进入结果或详情,保存原目标并进入登录；公开H5除外,展示无权限，不泄露资源存在性；返回安全上级,展示明确空/失效状态并从来源列表移除无效入口,仅允许已登记App Link/内部路由；登录前保存原目标；路由参数校验失败返回模块首页,单一来源栈；回跳页清理敏感参数；弹层关闭恢复焦点,FROZEN_V1.2.2
SCR-ID-004,ANDROID,/me/identity/result,从上级页面、导航入口、通知或业务流程进入,按动作成功后导航列执行；未指定时留在当前页并刷新,按导航栈返回；成功流程按动作规格进入结果或详情,保存原目标并进入登录；公开H5除外,展示无权限，不泄露资源存在性；返回安全上级,展示明确空/失效状态并从来源列表移除无效入口,仅允许已登记App Link/内部路由；登录前保存原目标；路由参数校验失败返回模块首页,单一来源栈；回跳页清理敏感参数；弹层关闭恢复焦点,FROZEN_V1.2.2
SCR-SUPPORT-001,ANDROID,/support/help,从上级页面、导航入口、通知或业务流程进入,按动作成功后导航列执行；未指定时留在当前页并刷新,按导航栈返回；成功流程按动作规格进入结果或详情,保存原目标并进入登录；公开H5除外,展示无权限，不泄露资源存在性；返回安全上级,展示明确空/失效状态并从来源列表移除无效入口,仅允许已登记App Link/内部路由；登录前保存原目标；路由参数校验失败返回模块首页,单一来源栈；回跳页清理敏感参数；弹层关闭恢复焦点,FROZEN_V1.2.2
SCR-SUPPORT-002,ANDROID,/support/tickets/create,从上级页面、导航入口、通知或业务流程进入,按动作成功后导航列执行；未指定时留在当前页并刷新,按导航栈返回；成功流程按动作规格进入结果或详情,保存原目标并进入登录；公开H5除外,展示无权限，不泄露资源存在性；返回安全上级,展示明确空/失效状态并从来源列表移除无效入口,仅允许已登记App Link/内部路由；登录前保存原目标；路由参数校验失败返回模块首页,单一来源栈；回跳页清理敏感参数；弹层关闭恢复焦点,FROZEN_V1.2.2
SCR-SUPPORT-003,ANDROID,/support/tickets,从上级页面、导航入口、通知或业务流程进入,按动作成功后导航列执行；未指定时留在当前页并刷新,按导航栈返回；成功流程按动作规格进入结果或详情,保存原目标并进入登录；公开H5除外,展示无权限，不泄露资源存在性；返回安全上级,展示明确空/失效状态并从来源列表移除无效入口,仅允许已登记App Link/内部路由；登录前保存原目标；路由参数校验失败返回模块首页,单一来源栈；回跳页清理敏感参数；弹层关闭恢复焦点,FROZEN_V1.2.2
SCR-SUPPORT-004,ANDROID,/support/tickets/{id},从列表、通知、分享深链或关联业务入口进入，路由参数必须完整,按动作成功后导航列执行；未指定时留在当前页并刷新,返回来源页并同步资源最新状态；来源失效时回到所属模块首页,保存原目标并进入登录；公开H5除外,展示无权限，不泄露资源存在性；返回安全上级,展示明确空/失效状态并从来源列表移除无效入口,仅允许已登记App Link/内部路由；登录前保存原目标；路由参数校验失败返回模块首页,单一来源栈；回跳页清理敏感参数；弹层关闭恢复焦点,FROZEN_V1.2.2
SCR-SET-001,ANDROID,/me/settings,从上级页面、导航入口、通知或业务流程进入,按动作成功后导航列执行；未指定时留在当前页并刷新,按导航栈返回；成功流程按动作规格进入结果或详情,保存原目标并进入登录；公开H5除外,展示无权限，不泄露资源存在性；返回安全上级,展示明确空/失效状态并从来源列表移除无效入口,仅允许已登记App Link/内部路由；登录前保存原目标；路由参数校验失败返回模块首页,单一来源栈；回跳页清理敏感参数；弹层关闭恢复焦点,FROZEN_V1.2.2
SCR-ABOUT-001,ANDROID,/me/about,从上级页面、导航入口、通知或业务流程进入,按动作成功后导航列执行；未指定时留在当前页并刷新,按导航栈返回；成功流程按动作规格进入结果或详情,保存原目标并进入登录；公开H5除外,展示无权限，不泄露资源存在性；返回安全上级,展示明确空/失效状态并从来源列表移除无效入口,仅允许已登记App Link/内部路由；登录前保存原目标；路由参数校验失败返回模块首页,单一来源栈；回跳页清理敏感参数；弹层关闭恢复焦点,FROZEN_V1.2.2
SHEET-MEDIA-001,ANDROID,sheet://media-upload,由拥有该动作的页面显式打开，携带不可变目标快照,按动作成功后导航列执行；未指定时留在当前页并刷新,成功后向调用页回传结果并关闭；取消恢复触发控件焦点,保存原目标并进入登录；公开H5除外,展示无权限，不泄露资源存在性；返回安全上级,展示明确空/失效状态并从来源列表移除无效入口,禁止外部深链直接打开；必须由受信任调用页创建上下文,单一来源栈；回跳页清理敏感参数；弹层关闭恢复焦点,FROZEN_V1.2.2
DIALOG-SEARCH-001,ANDROID,dialog://search-history-clear,由拥有该动作的页面显式打开，携带不可变目标快照,按动作成功后导航列执行；未指定时留在当前页并刷新,成功后向调用页回传结果并关闭；取消恢复触发控件焦点,保存原目标并进入登录；公开H5除外,展示无权限，不泄露资源存在性；返回安全上级,展示明确空/失效状态并从来源列表移除无效入口,禁止外部深链直接打开；必须由受信任调用页创建上下文,单一来源栈；回跳页清理敏感参数；弹层关闭恢复焦点,FROZEN_V1.2.2
SHEET-CONTENT-INVALID-001,ANDROID,sheet://content-invalid-feedback,由拥有该动作的页面显式打开，携带不可变目标快照,按动作成功后导航列执行；未指定时留在当前页并刷新,成功后向调用页回传结果并关闭；取消恢复触发控件焦点,保存原目标并进入登录；公开H5除外,展示无权限，不泄露资源存在性；返回安全上级,展示明确空/失效状态并从来源列表移除无效入口,禁止外部深链直接打开；必须由受信任调用页创建上下文,单一来源栈；回跳页清理敏感参数；弹层关闭恢复焦点,FROZEN_V1.2.2
DIALOG-CHAT-BLOCK-001,ANDROID,dialog://chat-block,由拥有该动作的页面显式打开，携带不可变目标快照,按动作成功后导航列执行；未指定时留在当前页并刷新,成功后向调用页回传结果并关闭；取消恢复触发控件焦点,保存原目标并进入登录；公开H5除外,展示无权限，不泄露资源存在性；返回安全上级,展示明确空/失效状态并从来源列表移除无效入口,禁止外部深链直接打开；必须由受信任调用页创建上下文,单一来源栈；回跳页清理敏感参数；弹层关闭恢复焦点,FROZEN_V1.2.2
DIALOG-CHAT-DELETE-001,ANDROID,dialog://chat-delete,由拥有该动作的页面显式打开，携带不可变目标快照,按动作成功后导航列执行；未指定时留在当前页并刷新,成功后向调用页回传结果并关闭；取消恢复触发控件焦点,保存原目标并进入登录；公开H5除外,展示无权限，不泄露资源存在性；返回安全上级,展示明确空/失效状态并从来源列表移除无效入口,禁止外部深链直接打开；必须由受信任调用页创建上下文,单一来源栈；回跳页清理敏感参数；弹层关闭恢复焦点,FROZEN_V1.2.2
SCR-SUPPORT-005,ANDROID,/support/help/{id},从列表、通知、分享深链或关联业务入口进入，路由参数必须完整,按动作成功后导航列执行；未指定时留在当前页并刷新,返回来源页并同步资源最新状态；来源失效时回到所属模块首页,保存原目标并进入登录；公开H5除外,展示无权限，不泄露资源存在性；返回安全上级,展示明确空/失效状态并从来源列表移除无效入口,仅允许已登记App Link/内部路由；登录前保存原目标；路由参数校验失败返回模块首页,单一来源栈；回跳页清理敏感参数；弹层关闭恢复焦点,FROZEN_V1.2.2
H5-001,H5,/,外部链接、搜索引擎、分享卡片、邀请链接、支付/实名回跳或App内WebView,按动作成功后导航列执行；未指定时留在当前页并刷新,优先返回App或来源页；无App环境时进入下载/帮助；禁止回到含敏感参数的URL,保存原目标并进入登录；公开H5除外,展示无权限，不泄露资源存在性；返回安全上级,展示明确空/失效状态并从来源列表移除无效入口,允许HTTPS外链；查询参数白名单；邀请/归因/state使用一次性或签名校验,单一来源栈；回跳页清理敏感参数；弹层关闭恢复焦点,FROZEN_V1.2.2
H5-002,H5,/install-guide,外部链接、搜索引擎、分享卡片、邀请链接、支付/实名回跳或App内WebView,按动作成功后导航列执行；未指定时留在当前页并刷新,优先返回App或来源页；无App环境时进入下载/帮助；禁止回到含敏感参数的URL,保存原目标并进入登录；公开H5除外,展示无权限，不泄露资源存在性；返回安全上级,展示明确空/失效状态并从来源列表移除无效入口,允许HTTPS外链；查询参数白名单；邀请/归因/state使用一次性或签名校验,单一来源栈；回跳页清理敏感参数；弹层关闭恢复焦点,FROZEN_V1.2.2
H5-003,H5,/invite/{code},外部链接、搜索引擎、分享卡片、邀请链接、支付/实名回跳或App内WebView,按动作成功后导航列执行；未指定时留在当前页并刷新,优先返回App或来源页；无App环境时进入下载/帮助；禁止回到含敏感参数的URL,保存原目标并进入登录；公开H5除外,展示无权限，不泄露资源存在性；返回安全上级,展示明确空/失效状态并从来源列表移除无效入口,允许HTTPS外链；查询参数白名单；邀请/归因/state使用一次性或签名校验,单一来源栈；回跳页清理敏感参数；弹层关闭恢复焦点,FROZEN_V1.2.2
H5-013,H5,/invite/{code}/register,外部链接、搜索引擎、分享卡片、邀请链接、支付/实名回跳或App内WebView,按动作成功后导航列执行；未指定时留在当前页并刷新,优先返回App或来源页；无App环境时进入下载/帮助；禁止回到含敏感参数的URL,保存原目标并进入登录；公开H5除外,展示无权限，不泄露资源存在性；返回安全上级,展示明确空/失效状态并从来源列表移除无效入口,允许HTTPS外链；查询参数白名单；邀请/归因/state使用一次性或签名校验,单一来源栈；回跳页清理敏感参数；弹层关闭恢复焦点,FROZEN_V1.2.2
H5-004,H5,/share/project/{id},外部链接、搜索引擎、分享卡片、邀请链接、支付/实名回跳或App内WebView,按动作成功后导航列执行；未指定时留在当前页并刷新,优先返回App或来源页；无App环境时进入下载/帮助；禁止回到含敏感参数的URL,保存原目标并进入登录；公开H5除外,展示无权限，不泄露资源存在性；返回安全上级,展示明确空/失效状态并从来源列表移除无效入口,允许HTTPS外链；查询参数白名单；邀请/归因/state使用一次性或签名校验,单一来源栈；回跳页清理敏感参数；弹层关闭恢复焦点,FROZEN_V1.2.2
H5-005,H5,/share/app/{id},外部链接、搜索引擎、分享卡片、邀请链接、支付/实名回跳或App内WebView,按动作成功后导航列执行；未指定时留在当前页并刷新,优先返回App或来源页；无App环境时进入下载/帮助；禁止回到含敏感参数的URL,保存原目标并进入登录；公开H5除外,展示无权限，不泄露资源存在性；返回安全上级,展示明确空/失效状态并从来源列表移除无效入口,允许HTTPS外链；查询参数白名单；邀请/归因/state使用一次性或签名校验,单一来源栈；回跳页清理敏感参数；弹层关闭恢复焦点,FROZEN_V1.2.2
H5-006,H5,/share/group/{id},外部链接、搜索引擎、分享卡片、邀请链接、支付/实名回跳或App内WebView,按动作成功后导航列执行；未指定时留在当前页并刷新,优先返回App或来源页；无App环境时进入下载/帮助；禁止回到含敏感参数的URL,保存原目标并进入登录；公开H5除外,展示无权限，不泄露资源存在性；返回安全上级,展示明确空/失效状态并从来源列表移除无效入口,允许HTTPS外链；查询参数白名单；邀请/归因/state使用一次性或签名校验,单一来源栈；回跳页清理敏感参数；弹层关闭恢复焦点,FROZEN_V1.2.2
H5-007,H5,/share/team-leader/{id},外部链接、搜索引擎、分享卡片、邀请链接、支付/实名回跳或App内WebView,按动作成功后导航列执行；未指定时留在当前页并刷新,优先返回App或来源页；无App环境时进入下载/帮助；禁止回到含敏感参数的URL,保存原目标并进入登录；公开H5除外,展示无权限，不泄露资源存在性；返回安全上级,展示明确空/失效状态并从来源列表移除无效入口,允许HTTPS外链；查询参数白名单；邀请/归因/state使用一次性或签名校验,单一来源栈；回跳页清理敏感参数；弹层关闭恢复焦点,FROZEN_V1.2.2
H5-008,H5,/cashier/{orderNo},外部链接、搜索引擎、分享卡片、邀请链接、支付/实名回跳或App内WebView,按动作成功后导航列执行；未指定时留在当前页并刷新,优先返回App或来源页；无App环境时进入下载/帮助；禁止回到含敏感参数的URL,保存原目标并进入登录；公开H5除外,展示无权限，不泄露资源存在性；返回安全上级,展示明确空/失效状态并从来源列表移除无效入口,允许HTTPS外链；查询参数白名单；邀请/归因/state使用一次性或签名校验,单一来源栈；回跳页清理敏感参数；弹层关闭恢复焦点,FROZEN_V1.2.2
H5-009,H5,/payment/result,外部链接、搜索引擎、分享卡片、邀请链接、支付/实名回跳或App内WebView,按动作成功后导航列执行；未指定时留在当前页并刷新,优先返回App或来源页；无App环境时进入下载/帮助；禁止回到含敏感参数的URL,保存原目标并进入登录；公开H5除外,展示无权限，不泄露资源存在性；返回安全上级,展示明确空/失效状态并从来源列表移除无效入口,允许HTTPS外链；查询参数白名单；邀请/归因/state使用一次性或签名校验,单一来源栈；回跳页清理敏感参数；弹层关闭恢复焦点,FROZEN_V1.2.2
H5-010,H5,/agreement/{code},外部链接、搜索引擎、分享卡片、邀请链接、支付/实名回跳或App内WebView,按动作成功后导航列执行；未指定时留在当前页并刷新,优先返回App或来源页；无App环境时进入下载/帮助；禁止回到含敏感参数的URL,保存原目标并进入登录；公开H5除外,展示无权限，不泄露资源存在性；返回安全上级,展示明确空/失效状态并从来源列表移除无效入口,允许HTTPS外链；查询参数白名单；邀请/归因/state使用一次性或签名校验,单一来源栈；回跳页清理敏感参数；弹层关闭恢复焦点,FROZEN_V1.2.2
H5-011,H5,/help/{id},外部链接、搜索引擎、分享卡片、邀请链接、支付/实名回跳或App内WebView,按动作成功后导航列执行；未指定时留在当前页并刷新,优先返回App或来源页；无App环境时进入下载/帮助；禁止回到含敏感参数的URL,保存原目标并进入登录；公开H5除外,展示无权限，不泄露资源存在性；返回安全上级,展示明确空/失效状态并从来源列表移除无效入口,允许HTTPS外链；查询参数白名单；邀请/归因/state使用一次性或签名校验,单一来源栈；回跳页清理敏感参数；弹层关闭恢复焦点,FROZEN_V1.2.2
H5-012,H5,/identity/callback,外部链接、搜索引擎、分享卡片、邀请链接、支付/实名回跳或App内WebView,按动作成功后导航列执行；未指定时留在当前页并刷新,优先返回App或来源页；无App环境时进入下载/帮助；禁止回到含敏感参数的URL,保存原目标并进入登录；公开H5除外,展示无权限，不泄露资源存在性；返回安全上级,展示明确空/失效状态并从来源列表移除无效入口,允许HTTPS外链；查询参数白名单；邀请/归因/state使用一次性或签名校验,单一来源栈；回跳页清理敏感参数；弹层关闭恢复焦点,FROZEN_V1.2.2
ADM-DASH-001,ADMIN,/dashboard,从左侧菜单、数据驾驶舱待办、全局搜索或关联详情跳转进入,按动作成功后导航列执行；未指定时留在当前页并刷新,按面包屑返回；跨模块跳转必须保留来源上下文,保存原目标并进入登录；公开H5除外,展示无权限，不泄露资源存在性；返回安全上级,展示明确空/失效状态并从来源列表移除无效入口,仅允许后台同源授权链接；未认证先登录并保存原目标；无权限不泄露资源存在性,单一来源栈；回跳页清理敏感参数；弹层关闭恢复焦点,FROZEN_V1.2.2
ADM-USER-001,ADMIN,/users,从左侧菜单、数据驾驶舱待办、全局搜索或关联详情跳转进入,按动作成功后导航列执行；未指定时留在当前页并刷新,按面包屑返回；跨模块跳转必须保留来源上下文,保存原目标并进入登录；公开H5除外,展示无权限，不泄露资源存在性；返回安全上级,展示明确空/失效状态并从来源列表移除无效入口,仅允许后台同源授权链接；未认证先登录并保存原目标；无权限不泄露资源存在性,单一来源栈；回跳页清理敏感参数；弹层关闭恢复焦点,FROZEN_V1.2.2
ADM-USER-002,ADMIN,/users/:id,从对应列表行、待办、审计记录或直接授权链接进入,按动作成功后导航列执行；未指定时留在当前页并刷新,返回来源列表并保持筛选、排序、页码和滚动位置,保存原目标并进入登录；公开H5除外,展示无权限，不泄露资源存在性；返回安全上级,展示明确空/失效状态并从来源列表移除无效入口,仅允许后台同源授权链接；未认证先登录并保存原目标；无权限不泄露资源存在性,单一来源栈；回跳页清理敏感参数；弹层关闭恢复焦点,FROZEN_V1.2.2
ADM-ID-001,ADMIN,/identity,从左侧菜单、数据驾驶舱待办、全局搜索或关联详情跳转进入,按动作成功后导航列执行；未指定时留在当前页并刷新,按面包屑返回；跨模块跳转必须保留来源上下文,保存原目标并进入登录；公开H5除外,展示无权限，不泄露资源存在性；返回安全上级,展示明确空/失效状态并从来源列表移除无效入口,仅允许后台同源授权链接；未认证先登录并保存原目标；无权限不泄露资源存在性,单一来源栈；回跳页清理敏感参数；弹层关闭恢复焦点,FROZEN_V1.2.2
ADM-ID-002,ADMIN,/identity/:id,从对应列表行、待办、审计记录或直接授权链接进入,按动作成功后导航列执行；未指定时留在当前页并刷新,返回来源列表并保持筛选、排序、页码和滚动位置,保存原目标并进入登录；公开H5除外,展示无权限，不泄露资源存在性；返回安全上级,展示明确空/失效状态并从来源列表移除无效入口,仅允许后台同源授权链接；未认证先登录并保存原目标；无权限不泄露资源存在性,单一来源栈；回跳页清理敏感参数；弹层关闭恢复焦点,FROZEN_V1.2.2
ADM-CONTENT-001,ADMIN,/contents,从左侧菜单、数据驾驶舱待办、全局搜索或关联详情跳转进入,按动作成功后导航列执行；未指定时留在当前页并刷新,按面包屑返回；跨模块跳转必须保留来源上下文,保存原目标并进入登录；公开H5除外,展示无权限，不泄露资源存在性；返回安全上级,展示明确空/失效状态并从来源列表移除无效入口,仅允许后台同源授权链接；未认证先登录并保存原目标；无权限不泄露资源存在性,单一来源栈；回跳页清理敏感参数；弹层关闭恢复焦点,FROZEN_V1.2.2
ADM-CONTENT-002,ADMIN,/contents/:id,从对应列表行、待办、审计记录或直接授权链接进入,按动作成功后导航列执行；未指定时留在当前页并刷新,返回来源列表并保持筛选、排序、页码和滚动位置,保存原目标并进入登录；公开H5除外,展示无权限，不泄露资源存在性；返回安全上级,展示明确空/失效状态并从来源列表移除无效入口,仅允许后台同源授权链接；未认证先登录并保存原目标；无权限不泄露资源存在性,单一来源栈；回跳页清理敏感参数；弹层关闭恢复焦点,FROZEN_V1.2.2
ADM-CONTENT-003,ADMIN,/contents/dictionaries,从左侧菜单、数据驾驶舱待办、全局搜索或关联详情跳转进入,按动作成功后导航列执行；未指定时留在当前页并刷新,按面包屑返回；跨模块跳转必须保留来源上下文,保存原目标并进入登录；公开H5除外,展示无权限，不泄露资源存在性；返回安全上级,展示明确空/失效状态并从来源列表移除无效入口,仅允许后台同源授权链接；未认证先登录并保存原目标；无权限不泄露资源存在性,单一来源栈；回跳页清理敏感参数；弹层关闭恢复焦点,FROZEN_V1.2.2
ADM-REVIEW-001,ADMIN,/reviews,从左侧菜单、数据驾驶舱待办、全局搜索或关联详情跳转进入,按动作成功后导航列执行；未指定时留在当前页并刷新,按面包屑返回；跨模块跳转必须保留来源上下文,保存原目标并进入登录；公开H5除外,展示无权限，不泄露资源存在性；返回安全上级,展示明确空/失效状态并从来源列表移除无效入口,仅允许后台同源授权链接；未认证先登录并保存原目标；无权限不泄露资源存在性,单一来源栈；回跳页清理敏感参数；弹层关闭恢复焦点,FROZEN_V1.2.2
ADM-RP-001,ADMIN,/red-packets,从左侧菜单、数据驾驶舱待办、全局搜索或关联详情跳转进入,按动作成功后导航列执行；未指定时留在当前页并刷新,按面包屑返回；跨模块跳转必须保留来源上下文,保存原目标并进入登录；公开H5除外,展示无权限，不泄露资源存在性；返回安全上级,展示明确空/失效状态并从来源列表移除无效入口,仅允许后台同源授权链接；未认证先登录并保存原目标；无权限不泄露资源存在性,单一来源栈；回跳页清理敏感参数；弹层关闭恢复焦点,FROZEN_V1.2.2
ADM-RP-002,ADMIN,/red-packets/:id,从对应列表行、待办、审计记录或直接授权链接进入,按动作成功后导航列执行；未指定时留在当前页并刷新,返回来源列表并保持筛选、排序、页码和滚动位置,保存原目标并进入登录；公开H5除外,展示无权限，不泄露资源存在性；返回安全上级,展示明确空/失效状态并从来源列表移除无效入口,仅允许后台同源授权链接；未认证先登录并保存原目标；无权限不泄露资源存在性,单一来源栈；回跳页清理敏感参数；弹层关闭恢复焦点,FROZEN_V1.2.2
ADM-RP-003,ADMIN,/red-packets/review,从左侧菜单、数据驾驶舱待办、全局搜索或关联详情跳转进入,按动作成功后导航列执行；未指定时留在当前页并刷新,按面包屑返回；跨模块跳转必须保留来源上下文,保存原目标并进入登录；公开H5除外,展示无权限，不泄露资源存在性；返回安全上级,展示明确空/失效状态并从来源列表移除无效入口,仅允许后台同源授权链接；未认证先登录并保存原目标；无权限不泄露资源存在性,单一来源栈；回跳页清理敏感参数；弹层关闭恢复焦点,FROZEN_V1.2.2
ADM-RP-004,ADMIN,/red-packets/risk,从左侧菜单、数据驾驶舱待办、全局搜索或关联详情跳转进入,按动作成功后导航列执行；未指定时留在当前页并刷新,按面包屑返回；跨模块跳转必须保留来源上下文,保存原目标并进入登录；公开H5除外,展示无权限，不泄露资源存在性；返回安全上级,展示明确空/失效状态并从来源列表移除无效入口,仅允许后台同源授权链接；未认证先登录并保存原目标；无权限不泄露资源存在性,单一来源栈；回跳页清理敏感参数；弹层关闭恢复焦点,FROZEN_V1.2.2
ADM-PROD-001,ADMIN,/commerce/products,从左侧菜单、数据驾驶舱待办、全局搜索或关联详情跳转进入,按动作成功后导航列执行；未指定时留在当前页并刷新,按面包屑返回；跨模块跳转必须保留来源上下文,保存原目标并进入登录；公开H5除外,展示无权限，不泄露资源存在性；返回安全上级,展示明确空/失效状态并从来源列表移除无效入口,仅允许后台同源授权链接；未认证先登录并保存原目标；无权限不泄露资源存在性,单一来源栈；回跳页清理敏感参数；弹层关闭恢复焦点,FROZEN_V1.2.2
ADM-ORDER-001,ADMIN,/commerce/orders,从左侧菜单、数据驾驶舱待办、全局搜索或关联详情跳转进入,按动作成功后导航列执行；未指定时留在当前页并刷新,按面包屑返回；跨模块跳转必须保留来源上下文,保存原目标并进入登录；公开H5除外,展示无权限，不泄露资源存在性；返回安全上级,展示明确空/失效状态并从来源列表移除无效入口,仅允许后台同源授权链接；未认证先登录并保存原目标；无权限不泄露资源存在性,单一来源栈；回跳页清理敏感参数；弹层关闭恢复焦点,FROZEN_V1.2.2
ADM-PAY-001,ADMIN,/commerce/payments,从左侧菜单、数据驾驶舱待办、全局搜索或关联详情跳转进入,按动作成功后导航列执行；未指定时留在当前页并刷新,按面包屑返回；跨模块跳转必须保留来源上下文,保存原目标并进入登录；公开H5除外,展示无权限，不泄露资源存在性；返回安全上级,展示明确空/失效状态并从来源列表移除无效入口,仅允许后台同源授权链接；未认证先登录并保存原目标；无权限不泄露资源存在性,单一来源栈；回跳页清理敏感参数；弹层关闭恢复焦点,FROZEN_V1.2.2
ADM-RECON-001,ADMIN,/commerce/reconciliation,从左侧菜单、数据驾驶舱待办、全局搜索或关联详情跳转进入,按动作成功后导航列执行；未指定时留在当前页并刷新,按面包屑返回；跨模块跳转必须保留来源上下文,保存原目标并进入登录；公开H5除外,展示无权限，不泄露资源存在性；返回安全上级,展示明确空/失效状态并从来源列表移除无效入口,仅允许后台同源授权链接；未认证先登录并保存原目标；无权限不泄露资源存在性,单一来源栈；回跳页清理敏感参数；弹层关闭恢复焦点,FROZEN_V1.2.2
ADM-REWARD-001,ADMIN,/finance/reward-accounts,从左侧菜单、数据驾驶舱待办、全局搜索或关联详情跳转进入,按动作成功后导航列执行；未指定时留在当前页并刷新,按面包屑返回；跨模块跳转必须保留来源上下文,保存原目标并进入登录；公开H5除外,展示无权限，不泄露资源存在性；返回安全上级,展示明确空/失效状态并从来源列表移除无效入口,仅允许后台同源授权链接；未认证先登录并保存原目标；无权限不泄露资源存在性,单一来源栈；回跳页清理敏感参数；弹层关闭恢复焦点,FROZEN_V1.2.2
ADM-REWARD-002,ADMIN,/finance/reward-ledger,从左侧菜单、数据驾驶舱待办、全局搜索或关联详情跳转进入,按动作成功后导航列执行；未指定时留在当前页并刷新,按面包屑返回；跨模块跳转必须保留来源上下文,保存原目标并进入登录；公开H5除外,展示无权限，不泄露资源存在性；返回安全上级,展示明确空/失效状态并从来源列表移除无效入口,仅允许后台同源授权链接；未认证先登录并保存原目标；无权限不泄露资源存在性,单一来源栈；回跳页清理敏感参数；弹层关闭恢复焦点,FROZEN_V1.2.2
ADM-WD-001,ADMIN,/finance/withdrawals,从左侧菜单、数据驾驶舱待办、全局搜索或关联详情跳转进入,按动作成功后导航列执行；未指定时留在当前页并刷新,按面包屑返回；跨模块跳转必须保留来源上下文,保存原目标并进入登录；公开H5除外,展示无权限，不泄露资源存在性；返回安全上级,展示明确空/失效状态并从来源列表移除无效入口,仅允许后台同源授权链接；未认证先登录并保存原目标；无权限不泄露资源存在性,单一来源栈；回跳页清理敏感参数；弹层关闭恢复焦点,FROZEN_V1.2.2
ADM-WD-002,ADMIN,/finance/withdrawals/:id,从对应列表行、待办、审计记录或直接授权链接进入,按动作成功后导航列执行；未指定时留在当前页并刷新,返回来源列表并保持筛选、排序、页码和滚动位置,保存原目标并进入登录；公开H5除外,展示无权限，不泄露资源存在性；返回安全上级,展示明确空/失效状态并从来源列表移除无效入口,仅允许后台同源授权链接；未认证先登录并保存原目标；无权限不泄露资源存在性,单一来源栈；回跳页清理敏感参数；弹层关闭恢复焦点,FROZEN_V1.2.2
ADM-MEMBER-001,ADMIN,/commerce/membership/skus,从左侧菜单、数据驾驶舱待办、全局搜索或关联详情跳转进入,按动作成功后导航列执行；未指定时留在当前页并刷新,按面包屑返回；跨模块跳转必须保留来源上下文,保存原目标并进入登录；公开H5除外,展示无权限，不泄露资源存在性；返回安全上级,展示明确空/失效状态并从来源列表移除无效入口,仅允许后台同源授权链接；未认证先登录并保存原目标；无权限不泄露资源存在性,单一来源栈；回跳页清理敏感参数；弹层关闭恢复焦点,FROZEN_V1.2.2
ADM-MEMBER-002,ADMIN,/commerce/membership/users,从左侧菜单、数据驾驶舱待办、全局搜索或关联详情跳转进入,按动作成功后导航列执行；未指定时留在当前页并刷新,按面包屑返回；跨模块跳转必须保留来源上下文,保存原目标并进入登录；公开H5除外,展示无权限，不泄露资源存在性；返回安全上级,展示明确空/失效状态并从来源列表移除无效入口,仅允许后台同源授权链接；未认证先登录并保存原目标；无权限不泄露资源存在性,单一来源栈；回跳页清理敏感参数；弹层关闭恢复焦点,FROZEN_V1.2.2
ADM-PROP-001,ADMIN,/commerce/props/products,从左侧菜单、数据驾驶舱待办、全局搜索或关联详情跳转进入,按动作成功后导航列执行；未指定时留在当前页并刷新,按面包屑返回；跨模块跳转必须保留来源上下文,保存原目标并进入登录；公开H5除外,展示无权限，不泄露资源存在性；返回安全上级,展示明确空/失效状态并从来源列表移除无效入口,仅允许后台同源授权链接；未认证先登录并保存原目标；无权限不泄露资源存在性,单一来源栈；回跳页清理敏感参数；弹层关闭恢复焦点,FROZEN_V1.2.2
ADM-PROP-002,ADMIN,/commerce/props/slots,从左侧菜单、数据驾驶舱待办、全局搜索或关联详情跳转进入,按动作成功后导航列执行；未指定时留在当前页并刷新,按面包屑返回；跨模块跳转必须保留来源上下文,保存原目标并进入登录；公开H5除外,展示无权限，不泄露资源存在性；返回安全上级,展示明确空/失效状态并从来源列表移除无效入口,仅允许后台同源授权链接；未认证先登录并保存原目标；无权限不泄露资源存在性,单一来源栈；回跳页清理敏感参数；弹层关闭恢复焦点,FROZEN_V1.2.2
ADM-PROP-003,ADMIN,/commerce/props/executions,从左侧菜单、数据驾驶舱待办、全局搜索或关联详情跳转进入,按动作成功后导航列执行；未指定时留在当前页并刷新,按面包屑返回；跨模块跳转必须保留来源上下文,保存原目标并进入登录；公开H5除外,展示无权限，不泄露资源存在性；返回安全上级,展示明确空/失效状态并从来源列表移除无效入口,仅允许后台同源授权链接；未认证先登录并保存原目标；无权限不泄露资源存在性,单一来源栈；回跳页清理敏感参数；弹层关闭恢复焦点,FROZEN_V1.2.2
ADM-REF-001,ADMIN,/growth/referrals,从左侧菜单、数据驾驶舱待办、全局搜索或关联详情跳转进入,按动作成功后导航列执行；未指定时留在当前页并刷新,按面包屑返回；跨模块跳转必须保留来源上下文,保存原目标并进入登录；公开H5除外,展示无权限，不泄露资源存在性；返回安全上级,展示明确空/失效状态并从来源列表移除无效入口,仅允许后台同源授权链接；未认证先登录并保存原目标；无权限不泄露资源存在性,单一来源栈；回跳页清理敏感参数；弹层关闭恢复焦点,FROZEN_V1.2.2
ADM-REF-002,ADMIN,/growth/commissions/policies,从左侧菜单、数据驾驶舱待办、全局搜索或关联详情跳转进入,按动作成功后导航列执行；未指定时留在当前页并刷新,按面包屑返回；跨模块跳转必须保留来源上下文,保存原目标并进入登录；公开H5除外,展示无权限，不泄露资源存在性；返回安全上级,展示明确空/失效状态并从来源列表移除无效入口,仅允许后台同源授权链接；未认证先登录并保存原目标；无权限不泄露资源存在性,单一来源栈；回跳页清理敏感参数；弹层关闭恢复焦点,FROZEN_V1.2.2
ADM-REF-003,ADMIN,/growth/commissions/records,从左侧菜单、数据驾驶舱待办、全局搜索或关联详情跳转进入,按动作成功后导航列执行；未指定时留在当前页并刷新,按面包屑返回；跨模块跳转必须保留来源上下文,保存原目标并进入登录；公开H5除外,展示无权限，不泄露资源存在性；返回安全上级,展示明确空/失效状态并从来源列表移除无效入口,仅允许后台同源授权链接；未认证先登录并保存原目标；无权限不泄露资源存在性,单一来源栈；回跳页清理敏感参数；弹层关闭恢复焦点,FROZEN_V1.2.2
ADM-REF-004,ADMIN,/growth/referral-activity/rules,从左侧菜单、数据驾驶舱待办、全局搜索或关联详情跳转进入,按动作成功后导航列执行；未指定时留在当前页并刷新,按面包屑返回；跨模块跳转必须保留来源上下文,保存原目标并进入登录；公开H5除外,展示无权限，不泄露资源存在性；返回安全上级,展示明确空/失效状态并从来源列表移除无效入口,仅允许后台同源授权链接；未认证先登录并保存原目标；无权限不泄露资源存在性,单一来源栈；回跳页清理敏感参数；弹层关闭恢复焦点,FROZEN_V1.2.2
ADM-REF-005,ADMIN,/growth/referral-activity/progress,从左侧菜单、数据驾驶舱待办、全局搜索或关联详情跳转进入,按动作成功后导航列执行；未指定时留在当前页并刷新,按面包屑返回；跨模块跳转必须保留来源上下文,保存原目标并进入登录；公开H5除外,展示无权限，不泄露资源存在性；返回安全上级,展示明确空/失效状态并从来源列表移除无效入口,仅允许后台同源授权链接；未认证先登录并保存原目标；无权限不泄露资源存在性,单一来源栈；回跳页清理敏感参数；弹层关闭恢复焦点,FROZEN_V1.2.2
ADM-REF-006,ADMIN,/growth/referral-activity/matrix,从左侧菜单、数据驾驶舱待办、全局搜索或关联详情跳转进入,按动作成功后导航列执行；未指定时留在当前页并刷新,按面包屑返回；跨模块跳转必须保留来源上下文,保存原目标并进入登录；公开H5除外,展示无权限，不泄露资源存在性；返回安全上级,展示明确空/失效状态并从来源列表移除无效入口,仅允许后台同源授权链接；未认证先登录并保存原目标；无权限不泄露资源存在性,单一来源栈；回跳页清理敏感参数；弹层关闭恢复焦点,FROZEN_V1.2.2
ADM-TASK-001,ADMIN,/growth/tasks/definitions,从左侧菜单、数据驾驶舱待办、全局搜索或关联详情跳转进入,按动作成功后导航列执行；未指定时留在当前页并刷新,按面包屑返回；跨模块跳转必须保留来源上下文,保存原目标并进入登录；公开H5除外,展示无权限，不泄露资源存在性；返回安全上级,展示明确空/失效状态并从来源列表移除无效入口,仅允许后台同源授权链接；未认证先登录并保存原目标；无权限不泄露资源存在性,单一来源栈；回跳页清理敏感参数；弹层关闭恢复焦点,FROZEN_V1.2.2
ADM-TASK-002,ADMIN,/growth/tasks/progress,从左侧菜单、数据驾驶舱待办、全局搜索或关联详情跳转进入,按动作成功后导航列执行；未指定时留在当前页并刷新,按面包屑返回；跨模块跳转必须保留来源上下文,保存原目标并进入登录；公开H5除外,展示无权限，不泄露资源存在性；返回安全上级,展示明确空/失效状态并从来源列表移除无效入口,仅允许后台同源授权链接；未认证先登录并保存原目标；无权限不泄露资源存在性,单一来源栈；回跳页清理敏感参数；弹层关闭恢复焦点,FROZEN_V1.2.2
ADM-CHAT-001,ADMIN,/governance/chat-reports,从左侧菜单、数据驾驶舱待办、全局搜索或关联详情跳转进入,按动作成功后导航列执行；未指定时留在当前页并刷新,按面包屑返回；跨模块跳转必须保留来源上下文,保存原目标并进入登录；公开H5除外,展示无权限，不泄露资源存在性；返回安全上级,展示明确空/失效状态并从来源列表移除无效入口,仅允许后台同源授权链接；未认证先登录并保存原目标；无权限不泄露资源存在性,单一来源栈；回跳页清理敏感参数；弹层关闭恢复焦点,FROZEN_V1.2.2
ADM-SUPPORT-001,ADMIN,/support/tickets,从左侧菜单、数据驾驶舱待办、全局搜索或关联详情跳转进入,按动作成功后导航列执行；未指定时留在当前页并刷新,按面包屑返回；跨模块跳转必须保留来源上下文,保存原目标并进入登录；公开H5除外,展示无权限，不泄露资源存在性；返回安全上级,展示明确空/失效状态并从来源列表移除无效入口,仅允许后台同源授权链接；未认证先登录并保存原目标；无权限不泄露资源存在性,单一来源栈；回跳页清理敏感参数；弹层关闭恢复焦点,FROZEN_V1.2.2
ADM-CMS-001,ADMIN,/operations/cms/home,从左侧菜单、数据驾驶舱待办、全局搜索或关联详情跳转进入,按动作成功后导航列执行；未指定时留在当前页并刷新,按面包屑返回；跨模块跳转必须保留来源上下文,保存原目标并进入登录；公开H5除外,展示无权限，不泄露资源存在性；返回安全上级,展示明确空/失效状态并从来源列表移除无效入口,仅允许后台同源授权链接；未认证先登录并保存原目标；无权限不泄露资源存在性,单一来源栈；回跳页清理敏感参数；弹层关闭恢复焦点,FROZEN_V1.2.2
ADM-CMS-002,ADMIN,/operations/cms/h5,从左侧菜单、数据驾驶舱待办、全局搜索或关联详情跳转进入,按动作成功后导航列执行；未指定时留在当前页并刷新,按面包屑返回；跨模块跳转必须保留来源上下文,保存原目标并进入登录；公开H5除外,展示无权限，不泄露资源存在性；返回安全上级,展示明确空/失效状态并从来源列表移除无效入口,仅允许后台同源授权链接；未认证先登录并保存原目标；无权限不泄露资源存在性,单一来源栈；回跳页清理敏感参数；弹层关闭恢复焦点,FROZEN_V1.2.2
ADM-CMS-003,ADMIN,/operations/cms/content,从左侧菜单、数据驾驶舱待办、全局搜索或关联详情跳转进入,按动作成功后导航列执行；未指定时留在当前页并刷新,按面包屑返回；跨模块跳转必须保留来源上下文,保存原目标并进入登录；公开H5除外,展示无权限，不泄露资源存在性；返回安全上级,展示明确空/失效状态并从来源列表移除无效入口,仅允许后台同源授权链接；未认证先登录并保存原目标；无权限不泄露资源存在性,单一来源栈；回跳页清理敏感参数；弹层关闭恢复焦点,FROZEN_V1.2.2
ADM-APP-001,ADMIN,/delivery/app-versions,从左侧菜单、数据驾驶舱待办、全局搜索或关联详情跳转进入,按动作成功后导航列执行；未指定时留在当前页并刷新,按面包屑返回；跨模块跳转必须保留来源上下文,保存原目标并进入登录；公开H5除外,展示无权限，不泄露资源存在性；返回安全上级,展示明确空/失效状态并从来源列表移除无效入口,仅允许后台同源授权链接；未认证先登录并保存原目标；无权限不泄露资源存在性,单一来源栈；回跳页清理敏感参数；弹层关闭恢复焦点,FROZEN_V1.2.2
ADM-RISK-001,ADMIN,/governance/risk/events,从左侧菜单、数据驾驶舱待办、全局搜索或关联详情跳转进入,按动作成功后导航列执行；未指定时留在当前页并刷新,按面包屑返回；跨模块跳转必须保留来源上下文,保存原目标并进入登录；公开H5除外,展示无权限，不泄露资源存在性；返回安全上级,展示明确空/失效状态并从来源列表移除无效入口,仅允许后台同源授权链接；未认证先登录并保存原目标；无权限不泄露资源存在性,单一来源栈；回跳页清理敏感参数；弹层关闭恢复焦点,FROZEN_V1.2.2
ADM-RISK-002,ADMIN,/governance/risk/lists,从左侧菜单、数据驾驶舱待办、全局搜索或关联详情跳转进入,按动作成功后导航列执行；未指定时留在当前页并刷新,按面包屑返回；跨模块跳转必须保留来源上下文,保存原目标并进入登录；公开H5除外,展示无权限，不泄露资源存在性；返回安全上级,展示明确空/失效状态并从来源列表移除无效入口,仅允许后台同源授权链接；未认证先登录并保存原目标；无权限不泄露资源存在性,单一来源栈；回跳页清理敏感参数；弹层关闭恢复焦点,FROZEN_V1.2.2
ADM-CONFIG-001,ADMIN,/system/config,从左侧菜单、数据驾驶舱待办、全局搜索或关联详情跳转进入,按动作成功后导航列执行；未指定时留在当前页并刷新,按面包屑返回；跨模块跳转必须保留来源上下文,保存原目标并进入登录；公开H5除外,展示无权限，不泄露资源存在性；返回安全上级,展示明确空/失效状态并从来源列表移除无效入口,仅允许后台同源授权链接；未认证先登录并保存原目标；无权限不泄露资源存在性,单一来源栈；回跳页清理敏感参数；弹层关闭恢复焦点,FROZEN_V1.2.2
ADM-RBAC-001,ADMIN,/system/rbac,从左侧菜单、数据驾驶舱待办、全局搜索或关联详情跳转进入,按动作成功后导航列执行；未指定时留在当前页并刷新,按面包屑返回；跨模块跳转必须保留来源上下文,保存原目标并进入登录；公开H5除外,展示无权限，不泄露资源存在性；返回安全上级,展示明确空/失效状态并从来源列表移除无效入口,仅允许后台同源授权链接；未认证先登录并保存原目标；无权限不泄露资源存在性,单一来源栈；回跳页清理敏感参数；弹层关闭恢复焦点,FROZEN_V1.2.2
ADM-AUDIT-001,ADMIN,/system/audit,从左侧菜单、数据驾驶舱待办、全局搜索或关联详情跳转进入,按动作成功后导航列执行；未指定时留在当前页并刷新,按面包屑返回；跨模块跳转必须保留来源上下文,保存原目标并进入登录；公开H5除外,展示无权限，不泄露资源存在性；返回安全上级,展示明确空/失效状态并从来源列表移除无效入口,仅允许后台同源授权链接；未认证先登录并保存原目标；无权限不泄露资源存在性,单一来源栈；回跳页清理敏感参数；弹层关闭恢复焦点,FROZEN_V1.2.2
ADM-JOB-001,ADMIN,/system/jobs,从左侧菜单、数据驾驶舱待办、全局搜索或关联详情跳转进入,按动作成功后导航列执行；未指定时留在当前页并刷新,按面包屑返回；跨模块跳转必须保留来源上下文,保存原目标并进入登录；公开H5除外,展示无权限，不泄露资源存在性；返回安全上级,展示明确空/失效状态并从来源列表移除无效入口,仅允许后台同源授权链接；未认证先登录并保存原目标；无权限不泄露资源存在性,单一来源栈；回跳页清理敏感参数；弹层关闭恢复焦点,FROZEN_V1.2.2
ADM-CONFIG-002,ADMIN,/system/providers,从左侧菜单、数据驾驶舱待办、全局搜索或关联详情跳转进入,按动作成功后导航列执行；未指定时留在当前页并刷新,按面包屑返回；跨模块跳转必须保留来源上下文,保存原目标并进入登录；公开H5除外,展示无权限，不泄露资源存在性；返回安全上级,展示明确空/失效状态并从来源列表移除无效入口,仅允许后台同源授权链接；未认证先登录并保存原目标；无权限不泄露资源存在性,单一来源栈；回跳页清理敏感参数；弹层关闭恢复焦点,FROZEN_V1.2.2
ADM-CONFIG-003,ADMIN,/system/providers/sms,从左侧菜单、数据驾驶舱待办、全局搜索或关联详情跳转进入,按动作成功后导航列执行；未指定时留在当前页并刷新,按面包屑返回；跨模块跳转必须保留来源上下文,保存原目标并进入登录；公开H5除外,展示无权限，不泄露资源存在性；返回安全上级,展示明确空/失效状态并从来源列表移除无效入口,仅允许后台同源授权链接；未认证先登录并保存原目标；无权限不泄露资源存在性,单一来源栈；回跳页清理敏感参数；弹层关闭恢复焦点,FROZEN_V1.2.2
ADM-CONFIG-004,ADMIN,/system/providers/storage,从左侧菜单、数据驾驶舱待办、全局搜索或关联详情跳转进入,按动作成功后导航列执行；未指定时留在当前页并刷新,按面包屑返回；跨模块跳转必须保留来源上下文,保存原目标并进入登录；公开H5除外,展示无权限，不泄露资源存在性；返回安全上级,展示明确空/失效状态并从来源列表移除无效入口,仅允许后台同源授权链接；未认证先登录并保存原目标；无权限不泄露资源存在性,单一来源栈；回跳页清理敏感参数；弹层关闭恢复焦点,FROZEN_V1.2.2
ADM-CONFIG-005,ADMIN,/system/providers/payment,从左侧菜单、数据驾驶舱待办、全局搜索或关联详情跳转进入,按动作成功后导航列执行；未指定时留在当前页并刷新,按面包屑返回；跨模块跳转必须保留来源上下文,保存原目标并进入登录；公开H5除外,展示无权限，不泄露资源存在性；返回安全上级,展示明确空/失效状态并从来源列表移除无效入口,仅允许后台同源授权链接；未认证先登录并保存原目标；无权限不泄露资源存在性,单一来源栈；回跳页清理敏感参数；弹层关闭恢复焦点,FROZEN_V1.2.2
ADM-CONFIG-006,ADMIN,/system/providers/payout,从左侧菜单、数据驾驶舱待办、全局搜索或关联详情跳转进入,按动作成功后导航列执行；未指定时留在当前页并刷新,按面包屑返回；跨模块跳转必须保留来源上下文,保存原目标并进入登录；公开H5除外,展示无权限，不泄露资源存在性；返回安全上级,展示明确空/失效状态并从来源列表移除无效入口,仅允许后台同源授权链接；未认证先登录并保存原目标；无权限不泄露资源存在性,单一来源栈；回跳页清理敏感参数；弹层关闭恢复焦点,FROZEN_V1.2.2
ADM-CONFIG-007,ADMIN,/system/providers/identity,从左侧菜单、数据驾驶舱待办、全局搜索或关联详情跳转进入,按动作成功后导航列执行；未指定时留在当前页并刷新,按面包屑返回；跨模块跳转必须保留来源上下文,保存原目标并进入登录；公开H5除外,展示无权限，不泄露资源存在性；返回安全上级,展示明确空/失效状态并从来源列表移除无效入口,仅允许后台同源授权链接；未认证先登录并保存原目标；无权限不泄露资源存在性,单一来源栈；回跳页清理敏感参数；弹层关闭恢复焦点,FROZEN_V1.2.2
ADM-CONFIG-008,ADMIN,/system/domains,从左侧菜单、数据驾驶舱待办、全局搜索或关联详情跳转进入,按动作成功后导航列执行；未指定时留在当前页并刷新,按面包屑返回；跨模块跳转必须保留来源上下文,保存原目标并进入登录；公开H5除外,展示无权限，不泄露资源存在性；返回安全上级,展示明确空/失效状态并从来源列表移除无效入口,仅允许后台同源授权链接；未认证先登录并保存原目标；无权限不泄露资源存在性,单一来源栈；回跳页清理敏感参数；弹层关闭恢复焦点,FROZEN_V1.2.2
ADM-BUILD-001,ADMIN,/delivery/builds,从左侧菜单、数据驾驶舱待办、全局搜索或关联详情跳转进入,按动作成功后导航列执行；未指定时留在当前页并刷新,按面包屑返回；跨模块跳转必须保留来源上下文,保存原目标并进入登录；公开H5除外,展示无权限，不泄露资源存在性；返回安全上级,展示明确空/失效状态并从来源列表移除无效入口,仅允许后台同源授权链接；未认证先登录并保存原目标；无权限不泄露资源存在性,单一来源栈；回跳页清理敏感参数；弹层关闭恢复焦点,FROZEN_V1.2.2
ADM-BUILD-002,ADMIN,/delivery/builds/profiles,从左侧菜单、数据驾驶舱待办、全局搜索或关联详情跳转进入,按动作成功后导航列执行；未指定时留在当前页并刷新,按面包屑返回；跨模块跳转必须保留来源上下文,保存原目标并进入登录；公开H5除外,展示无权限，不泄露资源存在性；返回安全上级,展示明确空/失效状态并从来源列表移除无效入口,仅允许后台同源授权链接；未认证先登录并保存原目标；无权限不泄露资源存在性,单一来源栈；回跳页清理敏感参数；弹层关闭恢复焦点,FROZEN_V1.2.2
ADM-BUILD-003,ADMIN,/delivery/builds/signing,从左侧菜单、数据驾驶舱待办、全局搜索或关联详情跳转进入,按动作成功后导航列执行；未指定时留在当前页并刷新,按面包屑返回；跨模块跳转必须保留来源上下文,保存原目标并进入登录；公开H5除外,展示无权限，不泄露资源存在性；返回安全上级,展示明确空/失效状态并从来源列表移除无效入口,仅允许后台同源授权链接；未认证先登录并保存原目标；无权限不泄露资源存在性,单一来源栈；回跳页清理敏感参数；弹层关闭恢复焦点,FROZEN_V1.2.2
ADM-BUILD-004,ADMIN,/delivery/builds/jobs,从左侧菜单、数据驾驶舱待办、全局搜索或关联详情跳转进入,按动作成功后导航列执行；未指定时留在当前页并刷新,按面包屑返回；跨模块跳转必须保留来源上下文,保存原目标并进入登录；公开H5除外,展示无权限，不泄露资源存在性；返回安全上级,展示明确空/失效状态并从来源列表移除无效入口,仅允许后台同源授权链接；未认证先登录并保存原目标；无权限不泄露资源存在性,单一来源栈；回跳页清理敏感参数；弹层关闭恢复焦点,FROZEN_V1.2.2
ADM-BUILD-005,ADMIN,/delivery/builds/jobs/:id,从对应列表行、待办、审计记录或直接授权链接进入,按动作成功后导航列执行；未指定时留在当前页并刷新,返回来源列表并保持筛选、排序、页码和滚动位置,保存原目标并进入登录；公开H5除外,展示无权限，不泄露资源存在性；返回安全上级,展示明确空/失效状态并从来源列表移除无效入口,仅允许后台同源授权链接；未认证先登录并保存原目标；无权限不泄露资源存在性,单一来源栈；回跳页清理敏感参数；弹层关闭恢复焦点,FROZEN_V1.2.2
ADM-BUILD-006,ADMIN,/delivery/builds/artifacts,从左侧菜单、数据驾驶舱待办、全局搜索或关联详情跳转进入,按动作成功后导航列执行；未指定时留在当前页并刷新,按面包屑返回；跨模块跳转必须保留来源上下文,保存原目标并进入登录；公开H5除外,展示无权限，不泄露资源存在性；返回安全上级,展示明确空/失效状态并从来源列表移除无效入口,仅允许后台同源授权链接；未认证先登录并保存原目标；无权限不泄露资源存在性,单一来源栈；回跳页清理敏感参数；弹层关闭恢复焦点,FROZEN_V1.2.2
ADM-BUILD-007,ADMIN,/delivery/releases,从左侧菜单、数据驾驶舱待办、全局搜索或关联详情跳转进入,按动作成功后导航列执行；未指定时留在当前页并刷新,按面包屑返回；跨模块跳转必须保留来源上下文,保存原目标并进入登录；公开H5除外,展示无权限，不泄露资源存在性；返回安全上级,展示明确空/失效状态并从来源列表移除无效入口,仅允许后台同源授权链接；未认证先登录并保存原目标；无权限不泄露资源存在性,单一来源栈；回跳页清理敏感参数；弹层关闭恢复焦点,FROZEN_V1.2.2
ADM-AUTH-001,ADMIN,/auth/login,未认证访问后台或会话过期时由路由守卫进入,按动作成功后导航列执行；未指定时留在当前页并刷新,认证成功进入原目标或数据驾驶舱；失败留在当前页；取消返回登录,保存原目标并进入登录；公开H5除外,展示无权限，不泄露资源存在性；返回安全上级,展示明确空/失效状态并从来源列表移除无效入口,仅允许后台同源授权链接；未认证先登录并保存原目标；无权限不泄露资源存在性,单一来源栈；回跳页清理敏感参数；弹层关闭恢复焦点,FROZEN_V1.2.2
ADM-AUTH-002,ADMIN,/auth/mfa,未认证访问后台或会话过期时由路由守卫进入,按动作成功后导航列执行；未指定时留在当前页并刷新,认证成功进入原目标或数据驾驶舱；失败留在当前页；取消返回登录,保存原目标并进入登录；公开H5除外,展示无权限，不泄露资源存在性；返回安全上级,展示明确空/失效状态并从来源列表移除无效入口,仅允许后台同源授权链接；未认证先登录并保存原目标；无权限不泄露资源存在性,单一来源栈；回跳页清理敏感参数；弹层关闭恢复焦点,FROZEN_V1.2.2
ADM-REPORT-001,ADMIN,/governance/content-reports,从左侧菜单、数据驾驶舱待办、全局搜索或关联详情跳转进入,按动作成功后导航列执行；未指定时留在当前页并刷新,按面包屑返回；跨模块跳转必须保留来源上下文,保存原目标并进入登录；公开H5除外,展示无权限，不泄露资源存在性；返回安全上级,展示明确空/失效状态并从来源列表移除无效入口,仅允许后台同源授权链接；未认证先登录并保存原目标；无权限不泄露资源存在性,单一来源栈；回跳页清理敏感参数；弹层关闭恢复焦点,FROZEN_V1.2.2
ADM-APPEAL-001,ADMIN,/governance/appeals,从左侧菜单、数据驾驶舱待办、全局搜索或关联详情跳转进入,按动作成功后导航列执行；未指定时留在当前页并刷新,按面包屑返回；跨模块跳转必须保留来源上下文,保存原目标并进入登录；公开H5除外,展示无权限，不泄露资源存在性；返回安全上级,展示明确空/失效状态并从来源列表移除无效入口,仅允许后台同源授权链接；未认证先登录并保存原目标；无权限不泄露资源存在性,单一来源栈；回跳页清理敏感参数；弹层关闭恢复焦点,FROZEN_V1.2.2
ADM-SUPPORT-002,ADMIN,/support/tickets/:id,从对应列表行、待办、审计记录或直接授权链接进入,按动作成功后导航列执行；未指定时留在当前页并刷新,返回来源列表并保持筛选、排序、页码和滚动位置,保存原目标并进入登录；公开H5除外,展示无权限，不泄露资源存在性；返回安全上级,展示明确空/失效状态并从来源列表移除无效入口,仅允许后台同源授权链接；未认证先登录并保存原目标；无权限不泄露资源存在性,单一来源栈；回跳页清理敏感参数；弹层关闭恢复焦点,FROZEN_V1.2.2
ADM-APPROVAL-001,ADMIN,/system/approvals,从左侧菜单、数据驾驶舱待办、全局搜索或关联详情跳转进入,按动作成功后导航列执行；未指定时留在当前页并刷新,按面包屑返回；跨模块跳转必须保留来源上下文,保存原目标并进入登录；公开H5除外,展示无权限，不泄露资源存在性；返回安全上级,展示明确空/失效状态并从来源列表移除无效入口,仅允许后台同源授权链接；未认证先登录并保存原目标；无权限不泄露资源存在性,单一来源栈；回跳页清理敏感参数；弹层关闭恢复焦点,FROZEN_V1.2.2
ADM-ACCOUNTING-001,ADMIN,/finance/accounting/transactions,从左侧菜单、数据驾驶舱待办、全局搜索或关联详情跳转进入,按动作成功后导航列执行；未指定时留在当前页并刷新,按面包屑返回；跨模块跳转必须保留来源上下文,保存原目标并进入登录；公开H5除外,展示无权限，不泄露资源存在性；返回安全上级,展示明确空/失效状态并从来源列表移除无效入口,仅允许后台同源授权链接；未认证先登录并保存原目标；无权限不泄露资源存在性,单一来源栈；回跳页清理敏感参数；弹层关闭恢复焦点,FROZEN_V1.2.2
ADM-ACCOUNTING-002,ADMIN,/finance/accounting/transactions/:id,从对应列表行、待办、审计记录或直接授权链接进入,按动作成功后导航列执行；未指定时留在当前页并刷新,返回来源列表并保持筛选、排序、页码和滚动位置,保存原目标并进入登录；公开H5除外,展示无权限，不泄露资源存在性；返回安全上级,展示明确空/失效状态并从来源列表移除无效入口,仅允许后台同源授权链接；未认证先登录并保存原目标；无权限不泄露资源存在性,单一来源栈；回跳页清理敏感参数；弹层关闭恢复焦点,FROZEN_V1.2.2
ADM-RISK-003,ADMIN,/governance/risk/rules,从左侧菜单、数据驾驶舱待办、全局搜索或关联详情跳转进入,按动作成功后导航列执行；未指定时留在当前页并刷新,按面包屑返回；跨模块跳转必须保留来源上下文,保存原目标并进入登录；公开H5除外,展示无权限，不泄露资源存在性；返回安全上级,展示明确空/失效状态并从来源列表移除无效入口,仅允许后台同源授权链接；未认证先登录并保存原目标；无权限不泄露资源存在性,单一来源栈；回跳页清理敏感参数；弹层关闭恢复焦点,FROZEN_V1.2.2
ADM-RISK-004,ADMIN,/governance/risk/simulator,从左侧菜单、数据驾驶舱待办、全局搜索或关联详情跳转进入,按动作成功后导航列执行；未指定时留在当前页并刷新,按面包屑返回；跨模块跳转必须保留来源上下文,保存原目标并进入登录；公开H5除外,展示无权限，不泄露资源存在性；返回安全上级,展示明确空/失效状态并从来源列表移除无效入口,仅允许后台同源授权链接；未认证先登录并保存原目标；无权限不泄露资源存在性,单一来源栈；回跳页清理敏感参数；弹层关闭恢复焦点,FROZEN_V1.2.2
ADM-NOTIFY-001,ADMIN,/operations/notifications/templates,从左侧菜单、数据驾驶舱待办、全局搜索或关联详情跳转进入,按动作成功后导航列执行；未指定时留在当前页并刷新,按面包屑返回；跨模块跳转必须保留来源上下文,保存原目标并进入登录；公开H5除外,展示无权限，不泄露资源存在性；返回安全上级,展示明确空/失效状态并从来源列表移除无效入口,仅允许后台同源授权链接；未认证先登录并保存原目标；无权限不泄露资源存在性,单一来源栈；回跳页清理敏感参数；弹层关闭恢复焦点,FROZEN_V1.2.2
ADM-NOTIFY-002,ADMIN,/operations/notifications/deliveries,从左侧菜单、数据驾驶舱待办、全局搜索或关联详情跳转进入,按动作成功后导航列执行；未指定时留在当前页并刷新,按面包屑返回；跨模块跳转必须保留来源上下文,保存原目标并进入登录；公开H5除外,展示无权限，不泄露资源存在性；返回安全上级,展示明确空/失效状态并从来源列表移除无效入口,仅允许后台同源授权链接；未认证先登录并保存原目标；无权限不泄露资源存在性,单一来源栈；回跳页清理敏感参数；弹层关闭恢复焦点,FROZEN_V1.2.2
ADM-EXPORT-001,ADMIN,/system/exports,从左侧菜单、数据驾驶舱待办、全局搜索或关联详情跳转进入,按动作成功后导航列执行；未指定时留在当前页并刷新,按面包屑返回；跨模块跳转必须保留来源上下文,保存原目标并进入登录；公开H5除外,展示无权限，不泄露资源存在性；返回安全上级,展示明确空/失效状态并从来源列表移除无效入口,仅允许后台同源授权链接；未认证先登录并保存原目标；无权限不泄露资源存在性,单一来源栈；回跳页清理敏感参数；弹层关闭恢复焦点,FROZEN_V1.2.2
ADM-SECURITY-001,ADMIN,/me/security,从左侧菜单、数据驾驶舱待办、全局搜索或关联详情跳转进入,按动作成功后导航列执行；未指定时留在当前页并刷新,按面包屑返回；跨模块跳转必须保留来源上下文,保存原目标并进入登录；公开H5除外,展示无权限，不泄露资源存在性；返回安全上级,展示明确空/失效状态并从来源列表移除无效入口,仅允许后台同源授权链接；未认证先登录并保存原目标；无权限不泄露资源存在性,单一来源栈；回跳页清理敏感参数；弹层关闭恢复焦点,FROZEN_V1.2.2
